strategy,kappa,concentration,mu,outside_mid_ratio,total_face,default_face,default_rate,runs_using_strategy,mean_trading_effect
no_trade,0.25,0.2,0.0,0.5,2638.0,0.0,0.0,1,0.0
hold_to_maturity,0.25,0.2,0.0,0.5,106.0,0.0,0.0,1,0.0
sell_before,0.25,0.2,0.0,0.5,9753.0,0.0,0.0,1,0.0
round_trip,0.25,0.2,0.0,0.5,0.0,0.0,0.0,0,0.0
no_trade,0.25,0.2,0.0,0.8,12.0,0.0,0.0,1,-0.0027336978263768
hold_to_maturity,0.25,0.2,0.0,0.8,0.0,0.0,0.0,0,0.0
sell_before,0.25,0.2,0.0,0.8,0.0,0.0,0.0,0,0.0
round_trip,0.25,0.2,0.0,0.8,0.0,0.0,0.0,0,0.0
no_trade,0.25,0.2,0.0,0.9,19.0,0.0,0.0,1,-0.0288705160688091
hold_to_maturity,0.25,0.2,0.0,0.9,0.0,0.0,0.0,0,0.0
sell_before,0.25,0.2,0.0,0.9,0.0,0.0,0.0,0,0.0
round_trip,0.25,0.2,0.0,0.9,0.0,0.0,0.0,0,0.0
no_trade,0.25,0.2,0.0,1.0,14997.0,0.0,0.0,1,0.0
hold_to_maturity,0.25,0.2,0.0,1.0,0.0,0.0,0.0,0,0.0
sell_before,0.25,0.2,0.0,1.0,0.0,0.0,0.0,0,0.0
round_trip,0.25,0.2,0.0,1.0,0.0,0.0,0.0,0,0.0
no_trade,0.25,0.2,0.25,0.5,14997.0,0.0,0.0,1,0.0
hold_to_maturity,0.25,0.2,0.25,0.5,0.0,0.0,0.0,0,0.0
sell_before,0.25,0.2,0.25,0.5,0.0,0.0,0.0,0,0.0
round_trip,0.25,0.2,0.25,0.5,0.0,0.0,0.0,0,0.0
no_trade,0.25,0.2,0.25,0.75,1023.0,0.0,0.0,1,0.0
hold_to_maturity,0.25,0.2,0.25,0.75,501.0,0.0,0.0,1,0.0
sell_before,0.25,0.2,0.25,0.75,0.0,0.0,0.0,0,0.0
round_trip,0.25,0.2,0.25,0.75,0.0,0.0,0.0,0,0.0
no_trade,0.25,0.2,0.25,0.8,14998.0,0.0,0.0,1,0.0
hold_to_maturity,0.25,0.2,0.25,0.8,0.0,0.0,0.0,0,0.0
sell_before,0.25,0.2,0.25,0.8,0.0,0.0,0.0,0,0.0
round_trip,0.25,0.2,0.25,0.8,0.0,0.0,0.0,0,0.0
no_trade,0.25,0.2,0.25,0.9,14997.0,0.0,0.0,1,0.0
hold_to_maturity,0.25,0.2,0.25,0.9,0.0,0.0,0.0,0,0.0
sell_before,0.25,0.2,0.25,0.9,0.0,0.0,0.0,0,0.0
round_trip,0.25,0.2,0.25,0.9,0.0,0.0,0.0,0,0.0
no_trade,0.25,0.2,0.5,0.5,14996.0,0.0,0.0,1,0.0
hold_to_maturity,0.25,0.2,0.5,0.5,0.0,0.0,0.0,0,0.0
sell_before,0.25,0.2,0.5,0.5,0.0,0.0,0.0,0,0.0
round_trip,0.25,0.2,0.5,0.5,0.0,0.0,0.0,0,0.0
no_trade,0.25,0.2,0.5,0.75,14999.0,0.0,0.0,1,0.0
hold_to_maturity,0.25,0.2,0.5,0.75,0.0,0.0,0.0,0,0.0
sell_before,0.25,0.2,0.5,0.75,0.0,0.0,0.0,0,0.0
round_trip,0.25,0.2,0.5,0.75,0.0,0.0,0.0,0,0.0
no_trade,0.25,0.2,0.5,0.8,4246.0,0.0,0.0,1,0.0
hold_to_maturity,0.25,0.2,0.5,0.8,506.0,0.0,0.0,1,0.0
sell_before,0.25,0.2,0.5,0.8,10245.0,0.0,0.0,1,0.0
round_trip,0.25,0.2,0.5,0.8,0.0,0.0,0.0,0,0.0
no_trade,0.25,0.2,0.5,0.9,14998.0,0.0,0.0,1,0.0
hold_to_maturity,0.25,0.2,0.5,0.9,0.0,0.0,0.0,0,0.0
sell_before,0.25,0.2,0.5,0.9,0.0,0.0,0.0,0,0.0
round_trip,0.25,0.2,0.5,0.9,0.0,0.0,0.0,0,0.0
no_trade,0.25,0.2,0.75,0.75,0.0,0.0,0.0,0,0.0
hold_to_maturity,0.25,0.2,0.75,0.75,505.0,0.0,0.0,1,0.0
sell_before,0.25,0.2,0.75,0.75,0.0,0.0,0.0,0,0.0
round_trip,0.25,0.2,0.75,0.75,0.0,0.0,0.0,0,0.0
no_trade,0.25,0.2,0.75,0.8,14998.0,0.0,0.0,1,0.0
hold_to_maturity,0.25,0.2,0.75,0.8,0.0,0.0,0.0,0,0.0
sell_before,0.25,0.2,0.75,0.8,0.0,0.0,0.0,0,0.0
round_trip,0.25,0.2,0.75,0.8,0.0,0.0,0.0,0,0.0
no_trade,0.25,0.2,0.75,0.9,1588.0,0.0,0.0,1,0.0
hold_to_maturity,0.25,0.2,0.75,0.9,0.0,0.0,0.0,0,0.0
sell_before,0.25,0.2,0.75,0.9,0.0,0.0,0.0,0,0.0
round_trip,0.25,0.2,0.75,0.9,0.0,0.0,0.0,0,0.0
no_trade,0.25,0.2,0.75,1.0,14998.0,0.0,0.0,1,0.0
hold_to_maturity,0.25,0.2,0.75,1.0,0.0,0.0,0.0,0,0.0
sell_before,0.25,0.2,0.75,1.0,0.0,0.0,0.0,0,0.0
round_trip,0.25,0.2,0.75,1.0,0.0,0.0,0.0,0,0.0
no_trade,0.25,0.2,1.0,0.5,1563.0,0.0,0.0,1,0.0
hold_to_maturity,0.25,0.2,1.0,0.5,0.0,0.0,0.0,0,0.0
sell_before,0.25,0.2,1.0,0.5,0.0,0.0,0.0,0,0.0
round_trip,0.25,0.2,1.0,0.5,0.0,0.0,0.0,0,0.0
no_trade,0.25,0.2,1.0,0.75,14997.0,0.0,0.0,1,0.0
hold_to_maturity,0.25,0.2,1.0,0.75,0.0,0.0,0.0,0,0.0
sell_before,0.25,0.2,1.0,0.75,0.0,0.0,0.0,0,0.0
round_trip,0.25,0.2,1.0,0.75,0.0,0.0,0.0,0,0.0
no_trade,0.25,0.2,1.0,0.8,500.0,0.0,0.0,1,0.0
hold_to_maturity,0.25,0.2,1.0,0.8,862.0,0.0,0.0,1,0.0
sell_before,0.25,0.2,1.0,0.8,0.0,0.0,0.0,0,0.0
round_trip,0.25,0.2,1.0,0.8,0.0,0.0,0.0,0,0.0
no_trade,0.25,0.2,1.0,0.9,14997.0,0.0,0.0,1,0.0
hold_to_maturity,0.25,0.2,1.0,0.9,0.0,0.0,0.0,0,0.0
sell_before,0.25,0.2,1.0,0.9,0.0,0.0,0.0,0,0.0
round_trip,0.25,0.2,1.0,0.9,0.0,0.0,0.0,0,0.0
no_trade,0.25,0.2,1.0,1.0,1907.0,0.0,0.0,1,0.0
hold_to_maturity,0.25,0.2,1.0,1.0,0.0,0.0,0.0,0,0.0
sell_before,0.25,0.2,1.0,1.0,0.0,0.0,0.0,0,0.0
round_trip,0.25,0.2,1.0,1.0,0.0,0.0,0.0,0,0.0
no_trade,0.25,0.5,0.0,0.5,14998.0,0.0,0.0,1,0.0
hold_to_maturity,0.25,0.5,0.0,0.5,0.0,0.0,0.0,0,0.0
sell_before,0.25,0.5,0.0,0.5,0.0,0.0,0.0,0,0.0
round_trip,0.25,0.5,0.0,0.5,0.0,0.0,0.0,0,0.0
no_trade,0.25,0.5,0.0,0.75,14998.0,0.0,0.0,1,0.0
hold_to_maturity,0.25,0.5,0.0,0.75,0.0,0.0,0.0,0,0.0
sell_before,0.25,0.5,0.0,0.75,0.0,0.0,0.0,0,0.0
round_trip,0.25,0.5,0.0,0.75,0.0,0.0,0.0,0,0.0
no_trade,0.25,0.5,0.0,0.8,14998.0,0.0,0.0,1,0.0
hold_to_maturity,0.25,0.5,0.0,0.8,0.0,0.0,0.0,0,0.0
sell_before,0.25,0.5,0.0,0.8,0.0,0.0,0.0,0,0.0
round_trip,0.25,0.5,0.0,0.8,0.0,0.0,0.0,0,0.0
no_trade,0.25,0.5,0.0,0.9,14997.0,0.0,0.0,1,0.0
hold_to_maturity,0.25,0.5,0.0,0.9,0.0,0.0,0.0,0,0.0
sell_before,0.25,0.5,0.0,0.9,0.0,0.0,0.0,0,0.0
round_trip,0.25,0.5,0.0,0.9,0.0,0.0,0.0,0,0.0
no_trade,0.25,0.5,0.0,1.0,14997.0,0.0,0.0,1,0.0
hold_to_maturity,0.25,0.5,0.0,1.0,0.0,0.0,0.0,0,0.0
sell_before,0.25,0.5,0.0,1.0,0.0,0.0,0.0,0,0.0
round_trip,0.25,0.5,0.0,1.0,0.0,0.0,0.0,0,0.0
no_trade,0.25,0.5,0.25,0.5,536.0,0.0,0.0,1,0.0
hold_to_maturity,0.25,0.5,0.25,0.5,0.0,0.0,0.0,0,0.0
sell_before,0.25,0.5,0.25,0.5,0.0,0.0,0.0,0,0.0
round_trip,0.25,0.5,0.25,0.5,0.0,0.0,0.0,0,0.0
no_trade,0.25,0.5,0.25,0.75,14998.0,0.0,0.0,1,0.0
hold_to_maturity,0.25,0.5,0.25,0.75,0.0,0.0,0.0,0,0.0
sell_before,0.25,0.5,0.25,0.75,0.0,0.0,0.0,0,0.0
round_trip,0.25,0.5,0.25,0.75,0.0,0.0,0.0,0,0.0
no_trade,0.25,0.5,0.25,0.8,14997.0,0.0,0.0,1,0.0
hold_to_maturity,0.25,0.5,0.25,0.8,0.0,0.0,0.0,0,0.0
sell_before,0.25,0.5,0.25,0.8,0.0,0.0,0.0,0,0.0
round_trip,0.25,0.5,0.25,0.8,0.0,0.0,0.0,0,0.0
no_trade,0.25,0.5,0.25,0.9,14998.0,0.0,0.0,1,0.0
hold_to_maturity,0.25,0.5,0.25,0.9,0.0,0.0,0.0,0,0.0
sell_before,0.25,0.5,0.25,0.9,0.0,0.0,0.0,0,0.0
round_trip,0.25,0.5,0.25,0.9,0.0,0.0,0.0,0,0.0
no_trade,0.25,0.5,0.25,1.0,14998.0,0.0,0.0,1,0.0
hold_to_maturity,0.25,0.5,0.25,1.0,0.0,0.0,0.0,0,0.0
sell_before,0.25,0.5,0.25,1.0,0.0,0.0,0.0,0,0.0
round_trip,0.25,0.5,0.25,1.0,0.0,0.0,0.0,0,0.0
no_trade,0.25,0.5,0.5,0.5,3581.0,0.0,0.0,1,0.0
hold_to_maturity,0.25,0.5,0.5,0.5,0.0,0.0,0.0,0,0.0
sell_before,0.25,0.5,0.5,0.5,9621.0,0.0,0.0,1,0.0
round_trip,0.25,0.5,0.5,0.5,0.0,0.0,0.0,0,0.0
no_trade,0.25,0.5,0.5,0.75,14998.0,0.0,0.0,1,0.0
hold_to_maturity,0.25,0.5,0.5,0.75,0.0,0.0,0.0,0,0.0
sell_before,0.25,0.5,0.5,0.75,0.0,0.0,0.0,0,0.0
round_trip,0.25,0.5,0.5,0.75,0.0,0.0,0.0,0,0.0
no_trade,0.25,0.5,0.5,0.8,14997.0,0.0,0.0,1,0.0
hold_to_maturity,0.25,0.5,0.5,0.8,0.0,0.0,0.0,0,0.0
sell_before,0.25,0.5,0.5,0.8,0.0,0.0,0.0,0,0.0
round_trip,0.25,0.5,0.5,0.8,0.0,0.0,0.0,0,0.0
no_trade,0.25,0.5,0.5,0.9,14998.0,0.0,0.0,1,0.0
hold_to_maturity,0.25,0.5,0.5,0.9,0.0,0.0,0.0,0,0.0
sell_before,0.25,0.5,0.5,0.9,0.0,0.0,0.0,0,0.0
round_trip,0.25,0.5,0.5,0.9,0.0,0.0,0.0,0,0.0
no_trade,0.25,0.5,0.75,0.5,14997.0,0.0,0.0,1,0.0
hold_to_maturity,0.25,0.5,0.75,0.5,0.0,0.0,0.0,0,0.0
sell_before,0.25,0.5,0.75,0.5,0.0,0.0,0.0,0,0.0
round_trip,0.25,0.5,0.75,0.5,0.0,0.0,0.0,0,0.0
no_trade,0.25,0.5,0.75,0.75,14996.0,0.0,0.0,1,0.0
hold_to_maturity,0.25,0.5,0.75,0.75,0.0,0.0,0.0,0,0.0
sell_before,0.25,0.5,0.75,0.75,0.0,0.0,0.0,0,0.0
round_trip,0.25,0.5,0.75,0.75,0.0,0.0,0.0,0,0.0
no_trade,0.25,0.5,0.75,0.8,14997.0,0.0,0.0,1,0.0
hold_to_maturity,0.25,0.5,0.75,0.8,0.0,0.0,0.0,0,0.0
sell_before,0.25,0.5,0.75,0.8,0.0,0.0,0.0,0,0.0
round_trip,0.25,0.5,0.75,0.8,0.0,0.0,0.0,0,0.0
no_trade,0.25,0.5,0.75,0.9,14997.0,0.0,0.0,1,0.0
hold_to_maturity,0.25,0.5,0.75,0.9,0.0,0.0,0.0,0,0.0
sell_before,0.25,0.5,0.75,0.9,0.0,0.0,0.0,0,0.0
round_trip,0.25,0.5,0.75,0.9,0.0,0.0,0.0,0,0.0
no_trade,0.25,0.5,0.75,1.0,14998.0,0.0,0.0,1,0.0
hold_to_maturity,0.25,0.5,0.75,1.0,0.0,0.0,0.0,0,0.0
sell_before,0.25,0.5,0.75,1.0,0.0,0.0,0.0,0,0.0
round_trip,0.25,0.5,0.75,1.0,0.0,0.0,0.0,0,0.0
no_trade,0.25,0.5,1.0,0.5,14997.0,0.0,0.0,1,0.0
hold_to_maturity,0.25,0.5,1.0,0.5,0.0,0.0,0.0,0,0.0
sell_before,0.25,0.5,1.0,0.5,0.0,0.0,0.0,0,0.0
round_trip,0.25,0.5,1.0,0.5,0.0,0.0,0.0,0,0.0
no_trade,0.25,0.5,1.0,0.8,14998.0,0.0,0.0,1,0.0
hold_to_maturity,0.25,0.5,1.0,0.8,0.0,0.0,0.0,0,0.0
sell_before,0.25,0.5,1.0,0.8,0.0,0.0,0.0,0,0.0
round_trip,0.25,0.5,1.0,0.8,0.0,0.0,0.0,0,0.0
no_trade,0.25,0.5,1.0,0.9,14998.0,0.0,0.0,1,0.0
hold_to_maturity,0.25,0.5,1.0,0.9,0.0,0.0,0.0,0,0.0
sell_before,0.25,0.5,1.0,0.9,0.0,0.0,0.0,0,0.0
round_trip,0.25,0.5,1.0,0.9,0.0,0.0,0.0,0,0.0
no_trade,0.25,0.5,1.0,1.0,14998.0,0.0,0.0,1,0.0
hold_to_maturity,0.25,0.5,1.0,1.0,0.0,0.0,0.0,0,0.0
sell_before,0.25,0.5,1.0,1.0,0.0,0.0,0.0,0,0.0
round_trip,0.25,0.5,1.0,1.0,0.0,0.0,0.0,0,0.0
no_trade,0.25,1.0,0.0,0.5,14997.0,0.0,0.0,1,0.0
hold_to_maturity,0.25,1.0,0.0,0.5,0.0,0.0,0.0,0,0.0
sell_before,0.25,1.0,0.0,0.5,0.0,0.0,0.0,0,0.0
round_trip,0.25,1.0,0.0,0.5,0.0,0.0,0.0,0,0.0
no_trade,0.25,1.0,0.0,0.75,14998.0,0.0,0.0,1,0.0
hold_to_maturity,0.25,1.0,0.0,0.75,0.0,0.0,0.0,0,0.0
sell_before,0.25,1.0,0.0,0.75,0.0,0.0,0.0,0,0.0
round_trip,0.25,1.0,0.0,0.75,0.0,0.0,0.0,0,0.0
no_trade,0.25,1.0,0.0,0.8,14998.0,0.0,0.0,1,0.0
hold_to_maturity,0.25,1.0,0.0,0.8,0.0,0.0,0.0,0,0.0
sell_before,0.25,1.0,0.0,0.8,0.0,0.0,0.0,0,0.0
round_trip,0.25,1.0,0.0,0.8,0.0,0.0,0.0,0,0.0
no_trade,0.25,1.0,0.0,0.9,14997.0,0.0,0.0,1,0.0
hold_to_maturity,0.25,1.0,0.0,0.9,0.0,0.0,0.0,0,0.0
sell_before,0.25,1.0,0.0,0.9,0.0,0.0,0.0,0,0.0
round_trip,0.25,1.0,0.0,0.9,0.0,0.0,0.0,0,0.0
no_trade,0.25,1.0,0.0,1.0,14997.0,0.0,0.0,1,0.0
hold_to_maturity,0.25,1.0,0.0,1.0,0.0,0.0,0.0,0,0.0
sell_before,0.25,1.0,0.0,1.0,0.0,0.0,0.0,0,0.0
round_trip,0.25,1.0,0.0,1.0,0.0,0.0,0.0,0,0.0
no_trade,0.25,1.0,0.25,0.5,14998.0,0.0,0.0,1,0.0
hold_to_maturity,0.25,1.0,0.25,0.5,0.0,0.0,0.0,0,0.0
sell_before,0.25,1.0,0.25,0.5,0.0,0.0,0.0,0,0.0
round_trip,0.25,1.0,0.25,0.5,0.0,0.0,0.0,0,0.0
no_trade,0.25,1.0,0.25,0.75,14997.0,0.0,0.0,1,0.0
hold_to_maturity,0.25,1.0,0.25,0.75,0.0,0.0,0.0,0,0.0
sell_before,0.25,1.0,0.25,0.75,0.0,0.0,0.0,0,0.0
round_trip,0.25,1.0,0.25,0.75,0.0,0.0,0.0,0,0.0
no_trade,0.25,1.0,0.25,0.8,14997.0,0.0,0.0,1,0.0
hold_to_maturity,0.25,1.0,0.25,0.8,0.0,0.0,0.0,0,0.0
sell_before,0.25,1.0,0.25,0.8,0.0,0.0,0.0,0,0.0
round_trip,0.25,1.0,0.25,0.8,0.0,0.0,0.0,0,0.0
no_trade,0.25,1.0,0.25,0.9,14997.0,0.0,0.0,1,0.0
hold_to_maturity,0.25,1.0,0.25,0.9,0.0,0.0,0.0,0,0.0
sell_before,0.25,1.0,0.25,0.9,0.0,0.0,0.0,0,0.0
round_trip,0.25,1.0,0.25,0.9,0.0,0.0,0.0,0,0.0
no_trade,0.25,1.0,0.25,1.0,14997.0,0.0,0.0,1,0.0
hold_to_maturity,0.25,1.0,0.25,1.0,0.0,0.0,0.0,0,0.0
sell_before,0.25,1.0,0.25,1.0,0.0,0.0,0.0,0,0.0
round_trip,0.25,1.0,0.25,1.0,0.0,0.0,0.0,0,0.0
no_trade,0.25,1.0,0.5,0.5,14997.0,0.0,0.0,1,0.0
hold_to_maturity,0.25,1.0,0.5,0.5,0.0,0.0,0.0,0,0.0
sell_before,0.25,1.0,0.5,0.5,0.0,0.0,0.0,0,0.0
round_trip,0.25,1.0,0.5,0.5,0.0,0.0,0.0,0,0.0
no_trade,0.25,1.0,0.5,0.75,14997.0,0.0,0.0,1,0.0
hold_to_maturity,0.25,1.0,0.5,0.75,0.0,0.0,0.0,0,0.0
sell_before,0.25,1.0,0.5,0.75,0.0,0.0,0.0,0,0.0
round_trip,0.25,1.0,0.5,0.75,0.0,0.0,0.0,0,0.0
no_trade,0.25,1.0,0.5,0.8,14997.0,0.0,0.0,1,0.0
hold_to_maturity,0.25,1.0,0.5,0.8,0.0,0.0,0.0,0,0.0
sell_before,0.25,1.0,0.5,0.8,0.0,0.0,0.0,0,0.0
round_trip,0.25,1.0,0.5,0.8,0.0,0.0,0.0,0,0.0
no_trade,0.25,1.0,0.5,0.9,14996.0,0.0,0.0,1,0.0
hold_to_maturity,0.25,1.0,0.5,0.9,0.0,0.0,0.0,0,0.0
sell_before,0.25,1.0,0.5,0.9,0.0,0.0,0.0,0,0.0
round_trip,0.25,1.0,0.5,0.9,0.0,0.0,0.0,0,0.0
no_trade,0.25,1.0,0.5,1.0,14997.0,0.0,0.0,1,0.0
hold_to_maturity,0.25,1.0,0.5,1.0,0.0,0.0,0.0,0,0.0
sell_before,0.25,1.0,0.5,1.0,0.0,0.0,0.0,0,0.0
round_trip,0.25,1.0,0.5,1.0,0.0,0.0,0.0,0,0.0
no_trade,0.25,1.0,0.75,0.5,14998.0,0.0,0.0,1,0.0
hold_to_maturity,0.25,1.0,0.75,0.5,0.0,0.0,0.0,0,0.0
sell_before,0.25,1.0,0.75,0.5,0.0,0.0,0.0,0,0.0
round_trip,0.25,1.0,0.75,0.5,0.0,0.0,0.0,0,0.0
no_trade,0.25,1.0,0.75,0.75,14997.0,0.0,0.0,1,0.0
hold_to_maturity,0.25,1.0,0.75,0.75,0.0,0.0,0.0,0,0.0
sell_before,0.25,1.0,0.75,0.75,0.0,0.0,0.0,0,0.0
round_trip,0.25,1.0,0.75,0.75,0.0,0.0,0.0,0,0.0
no_trade,0.25,1.0,0.75,0.8,14998.0,0.0,0.0,1,0.0
hold_to_maturity,0.25,1.0,0.75,0.8,0.0,0.0,0.0,0,0.0
sell_before,0.25,1.0,0.75,0.8,0.0,0.0,0.0,0,0.0
round_trip,0.25,1.0,0.75,0.8,0.0,0.0,0.0,0,0.0
no_trade,0.25,1.0,0.75,0.9,14998.0,0.0,0.0,1,0.0
hold_to_maturity,0.25,1.0,0.75,0.9,0.0,0.0,0.0,0,0.0
sell_before,0.25,1.0,0.75,0.9,0.0,0.0,0.0,0,0.0
round_trip,0.25,1.0,0.75,0.9,0.0,0.0,0.0,0,0.0
no_trade,0.25,1.0,0.75,1.0,14997.0,0.0,0.0,1,0.0
hold_to_maturity,0.25,1.0,0.75,1.0,0.0,0.0,0.0,0,0.0
sell_before,0.25,1.0,0.75,1.0,0.0,0.0,0.0,0,0.0
round_trip,0.25,1.0,0.75,1.0,0.0,0.0,0.0,0,0.0
no_trade,0.25,1.0,1.0,0.5,14996.0,0.0,0.0,1,0.0
hold_to_maturity,0.25,1.0,1.0,0.5,0.0,0.0,0.0,0,0.0
sell_before,0.25,1.0,1.0,0.5,0.0,0.0,0.0,0,0.0
round_trip,0.25,1.0,1.0,0.5,0.0,0.0,0.0,0,0.0
no_trade,0.25,1.0,1.0,0.75,14998.0,0.0,0.0,1,0.0
hold_to_maturity,0.25,1.0,1.0,0.75,0.0,0.0,0.0,0,0.0
sell_before,0.25,1.0,1.0,0.75,0.0,0.0,0.0,0,0.0
round_trip,0.25,1.0,1.0,0.75,0.0,0.0,0.0,0,0.0
no_trade,0.25,1.0,1.0,0.8,14997.0,0.0,0.0,1,0.0
hold_to_maturity,0.25,1.0,1.0,0.8,0.0,0.0,0.0,0,0.0
sell_before,0.25,1.0,1.0,0.8,0.0,0.0,0.0,0,0.0
round_trip,0.25,1.0,1.0,0.8,0.0,0.0,0.0,0,0.0
no_trade,0.25,1.0,1.0,0.9,14997.0,0.0,0.0,1,0.0
hold_to_maturity,0.25,1.0,1.0,0.9,0.0,0.0,0.0,0,0.0
sell_before,0.25,1.0,1.0,0.9,0.0,0.0,0.0,0,0.0
round_trip,0.25,1.0,1.0,0.9,0.0,0.0,0.0,0,0.0
no_trade,0.25,1.0,1.0,1.0,14998.0,0.0,0.0,1,0.0
hold_to_maturity,0.25,1.0,1.0,1.0,0.0,0.0,0.0,0,0.0
sell_before,0.25,1.0,1.0,1.0,0.0,0.0,0.0,0,0.0
round_trip,0.25,1.0,1.0,1.0,0.0,0.0,0.0,0,0.0
no_trade,0.25,2.0,0.0,0.5,14997.0,0.0,0.0,1,0.0
hold_to_maturity,0.25,2.0,0.0,0.5,0.0,0.0,0.0,0,0.0
sell_before,0.25,2.0,0.0,0.5,0.0,0.0,0.0,0,0.0
round_trip,0.25,2.0,0.0,0.5,0.0,0.0,0.0,0,0.0
no_trade,0.25,2.0,0.0,0.75,14996.0,0.0,0.0,1,0.0
hold_to_maturity,0.25,2.0,0.0,0.75,0.0,0.0,0.0,0,0.0
sell_before,0.25,2.0,0.0,0.75,0.0,0.0,0.0,0,0.0
round_trip,0.25,2.0,0.0,0.75,0.0,0.0,0.0,0,0.0
no_trade,0.25,2.0,0.0,0.8,14998.0,0.0,0.0,1,0.0
hold_to_maturity,0.25,2.0,0.0,0.8,0.0,0.0,0.0,0,0.0
sell_before,0.25,2.0,0.0,0.8,0.0,0.0,0.0,0,0.0
round_trip,0.25,2.0,0.0,0.8,0.0,0.0,0.0,0,0.0
no_trade,0.25,2.0,0.0,0.9,14998.0,0.0,0.0,1,0.0
hold_to_maturity,0.25,2.0,0.0,0.9,0.0,0.0,0.0,0,0.0
sell_before,0.25,2.0,0.0,0.9,0.0,0.0,0.0,0,0.0
round_trip,0.25,2.0,0.0,0.9,0.0,0.0,0.0,0,0.0
no_trade,0.25,2.0,0.0,1.0,14998.0,0.0,0.0,1,0.0
hold_to_maturity,0.25,2.0,0.0,1.0,0.0,0.0,0.0,0,0.0
sell_before,0.25,2.0,0.0,1.0,0.0,0.0,0.0,0,0.0
round_trip,0.25,2.0,0.0,1.0,0.0,0.0,0.0,0,0.0
no_trade,0.25,2.0,0.25,0.5,14996.0,0.0,0.0,1,0.0
hold_to_maturity,0.25,2.0,0.25,0.5,0.0,0.0,0.0,0,0.0
sell_before,0.25,2.0,0.25,0.5,0.0,0.0,0.0,0,0.0
round_trip,0.25,2.0,0.25,0.5,0.0,0.0,0.0,0,0.0
no_trade,0.25,2.0,0.25,0.75,14997.0,0.0,0.0,1,0.0
hold_to_maturity,0.25,2.0,0.25,0.75,0.0,0.0,0.0,0,0.0
sell_before,0.25,2.0,0.25,0.75,0.0,0.0,0.0,0,0.0
round_trip,0.25,2.0,0.25,0.75,0.0,0.0,0.0,0,0.0
no_trade,0.25,2.0,0.25,0.8,14998.0,0.0,0.0,1,0.0
hold_to_maturity,0.25,2.0,0.25,0.8,0.0,0.0,0.0,0,0.0
sell_before,0.25,2.0,0.25,0.8,0.0,0.0,0.0,0,0.0
round_trip,0.25,2.0,0.25,0.8,0.0,0.0,0.0,0,0.0
no_trade,0.25,2.0,0.25,0.9,14997.0,0.0,0.0,1,0.0
hold_to_maturity,0.25,2.0,0.25,0.9,0.0,0.0,0.0,0,0.0
sell_before,0.25,2.0,0.25,0.9,0.0,0.0,0.0,0,0.0
round_trip,0.25,2.0,0.25,0.9,0.0,0.0,0.0,0,0.0
no_trade,0.25,2.0,0.25,1.0,14997.0,0.0,0.0,1,0.0
hold_to_maturity,0.25,2.0,0.25,1.0,0.0,0.0,0.0,0,0.0
sell_before,0.25,2.0,0.25,1.0,0.0,0.0,0.0,0,0.0
round_trip,0.25,2.0,0.25,1.0,0.0,0.0,0.0,0,0.0
no_trade,0.25,2.0,0.5,0.5,14998.0,0.0,0.0,1,0.0
hold_to_maturity,0.25,2.0,0.5,0.5,0.0,0.0,0.0,0,0.0
sell_before,0.25,2.0,0.5,0.5,0.0,0.0,0.0,0,0.0
round_trip,0.25,2.0,0.5,0.5,0.0,0.0,0.0,0,0.0
no_trade,0.25,2.0,0.5,0.75,14997.0,0.0,0.0,1,0.0
hold_to_maturity,0.25,2.0,0.5,0.75,0.0,0.0,0.0,0,0.0
sell_before,0.25,2.0,0.5,0.75,0.0,0.0,0.0,0,0.0
round_trip,0.25,2.0,0.5,0.75,0.0,0.0,0.0,0,0.0
no_trade,0.25,2.0,0.5,0.8,14998.0,0.0,0.0,1,0.0
hold_to_maturity,0.25,2.0,0.5,0.8,0.0,0.0,0.0,0,0.0
sell_before,0.25,2.0,0.5,0.8,0.0,0.0,0.0,0,0.0
round_trip,0.25,2.0,0.5,0.8,0.0,0.0,0.0,0,0.0
no_trade,0.25,2.0,0.5,0.9,14997.0,0.0,0.0,1,0.0
hold_to_maturity,0.25,2.0,0.5,0.9,0.0,0.0,0.0,0,0.0
sell_before,0.25,2.0,0.5,0.9,0.0,0.0,0.0,0,0.0
round_trip,0.25,2.0,0.5,0.9,0.0,0.0,0.0,0,0.0
no_trade,0.25,2.0,0.5,1.0,14996.0,0.0,0.0,1,0.0
hold_to_maturity,0.25,2.0,0.5,1.0,0.0,0.0,0.0,0,0.0
sell_before,0.25,2.0,0.5,1.0,0.0,0.0,0.0,0,0.0
round_trip,0.25,2.0,0.5,1.0,0.0,0.0,0.0,0,0.0
no_trade,0.25,2.0,0.75,0.5,14998.0,0.0,0.0,1,0.0
hold_to_maturity,0.25,2.0,0.75,0.5,0.0,0.0,0.0,0,0.0
sell_before,0.25,2.0,0.75,0.5,0.0,0.0,0.0,0,0.0
round_trip,0.25,2.0,0.75,0.5,0.0,0.0,0.0,0,0.0
no_trade,0.25,2.0,0.75,0.75,14997.0,0.0,0.0,1,0.0
hold_to_maturity,0.25,2.0,0.75,0.75,0.0,0.0,0.0,0,0.0
sell_before,0.25,2.0,0.75,0.75,0.0,0.0,0.0,0,0.0
round_trip,0.25,2.0,0.75,0.75,0.0,0.0,0.0,0,0.0
no_trade,0.25,2.0,0.75,0.8,14998.0,0.0,0.0,1,0.0
hold_to_maturity,0.25,2.0,0.75,0.8,0.0,0.0,0.0,0,0.0
sell_before,0.25,2.0,0.75,0.8,0.0,0.0,0.0,0,0.0
round_trip,0.25,2.0,0.75,0.8,0.0,0.0,0.0,0,0.0
no_trade,0.25,2.0,0.75,0.9,14998.0,0.0,0.0,1,0.0
hold_to_maturity,0.25,2.0,0.75,0.9,0.0,0.0,0.0,0,0.0
sell_before,0.25,2.0,0.75,0.9,0.0,0.0,0.0,0,0.0
round_trip,0.25,2.0,0.75,0.9,0.0,0.0,0.0,0,0.0
no_trade,0.25,2.0,0.75,1.0,14997.0,0.0,0.0,1,0.0
hold_to_maturity,0.25,2.0,0.75,1.0,0.0,0.0,0.0,0,0.0
sell_before,0.25,2.0,0.75,1.0,0.0,0.0,0.0,0,0.0
round_trip,0.25,2.0,0.75,1.0,0.0,0.0,0.0,0,0.0
no_trade,0.25,2.0,1.0,0.5,14998.0,0.0,0.0,1,0.0
hold_to_maturity,0.25,2.0,1.0,0.5,0.0,0.0,0.0,0,0.0
sell_before,0.25,2.0,1.0,0.5,0.0,0.0,0.0,0,0.0
round_trip,0.25,2.0,1.0,0.5,0.0,0.0,0.0,0,0.0
no_trade,0.25,2.0,1.0,0.75,14997.0,0.0,0.0,1,0.0
hold_to_maturity,0.25,2.0,1.0,0.75,0.0,0.0,0.0,0,0.0
sell_before,0.25,2.0,1.0,0.75,0.0,0.0,0.0,0,0.0
round_trip,0.25,2.0,1.0,0.75,0.0,0.0,0.0,0,0.0
no_trade,0.25,2.0,1.0,0.8,14997.0,0.0,0.0,1,0.0
hold_to_maturity,0.25,2.0,1.0,0.8,0.0,0.0,0.0,0,0.0
sell_before,0.25,2.0,1.0,0.8,0.0,0.0,0.0,0,0.0
round_trip,0.25,2.0,1.0,0.8,0.0,0.0,0.0,0,0.0
no_trade,0.25,2.0,1.0,0.9,14997.0,0.0,0.0,1,0.0
hold_to_maturity,0.25,2.0,1.0,0.9,0.0,0.0,0.0,0,0.0
sell_before,0.25,2.0,1.0,0.9,0.0,0.0,0.0,0,0.0
round_trip,0.25,2.0,1.0,0.9,0.0,0.0,0.0,0,0.0
no_trade,0.25,2.0,1.0,1.0,14997.0,0.0,0.0,1,0.0
hold_to_maturity,0.25,2.0,1.0,1.0,0.0,0.0,0.0,0,0.0
sell_before,0.25,2.0,1.0,1.0,0.0,0.0,0.0,0,0.0
round_trip,0.25,2.0,1.0,1.0,0.0,0.0,0.0,0,0.0
no_trade,0.25,5.0,0.0,0.5,14998.0,0.0,0.0,1,0.0
hold_to_maturity,0.25,5.0,0.0,0.5,0.0,0.0,0.0,0,0.0
sell_before,0.25,5.0,0.0,0.5,0.0,0.0,0.0,0,0.0
round_trip,0.25,5.0,0.0,0.5,0.0,0.0,0.0,0,0.0
no_trade,0.25,5.0,0.0,0.75,14998.0,0.0,0.0,1,0.0
hold_to_maturity,0.25,5.0,0.0,0.75,0.0,0.0,0.0,0,0.0
sell_before,0.25,5.0,0.0,0.75,0.0,0.0,0.0,0,0.0
round_trip,0.25,5.0,0.0,0.75,0.0,0.0,0.0,0,0.0
no_trade,0.25,5.0,0.0,0.8,14998.0,0.0,0.0,1,0.0
hold_to_maturity,0.25,5.0,0.0,0.8,0.0,0.0,0.0,0,0.0
sell_before,0.25,5.0,0.0,0.8,0.0,0.0,0.0,0,0.0
round_trip,0.25,5.0,0.0,0.8,0.0,0.0,0.0,0,0.0
no_trade,0.25,5.0,0.0,0.9,14998.0,0.0,0.0,1,0.0
hold_to_maturity,0.25,5.0,0.0,0.9,0.0,0.0,0.0,0,0.0
sell_before,0.25,5.0,0.0,0.9,0.0,0.0,0.0,0,0.0
round_trip,0.25,5.0,0.0,0.9,0.0,0.0,0.0,0,0.0
no_trade,0.25,5.0,0.0,1.0,14997.0,0.0,0.0,1,0.0
hold_to_maturity,0.25,5.0,0.0,1.0,0.0,0.0,0.0,0,0.0
sell_before,0.25,5.0,0.0,1.0,0.0,0.0,0.0,0,0.0
round_trip,0.25,5.0,0.0,1.0,0.0,0.0,0.0,0,0.0
no_trade,0.25,5.0,0.25,0.5,14997.0,0.0,0.0,1,0.0
hold_to_maturity,0.25,5.0,0.25,0.5,0.0,0.0,0.0,0,0.0
sell_before,0.25,5.0,0.25,0.5,0.0,0.0,0.0,0,0.0
round_trip,0.25,5.0,0.25,0.5,0.0,0.0,0.0,0,0.0
no_trade,0.25,5.0,0.25,0.75,14997.0,0.0,0.0,1,0.0
hold_to_maturity,0.25,5.0,0.25,0.75,0.0,0.0,0.0,0,0.0
sell_before,0.25,5.0,0.25,0.75,0.0,0.0,0.0,0,0.0
round_trip,0.25,5.0,0.25,0.75,0.0,0.0,0.0,0,0.0
no_trade,0.25,5.0,0.25,0.8,14997.0,0.0,0.0,1,0.0
hold_to_maturity,0.25,5.0,0.25,0.8,0.0,0.0,0.0,0,0.0
sell_before,0.25,5.0,0.25,0.8,0.0,0.0,0.0,0,0.0
round_trip,0.25,5.0,0.25,0.8,0.0,0.0,0.0,0,0.0
no_trade,0.25,5.0,0.25,0.9,14997.0,0.0,0.0,1,0.0
hold_to_maturity,0.25,5.0,0.25,0.9,0.0,0.0,0.0,0,0.0
sell_before,0.25,5.0,0.25,0.9,0.0,0.0,0.0,0,0.0
round_trip,0.25,5.0,0.25,0.9,0.0,0.0,0.0,0,0.0
no_trade,0.25,5.0,0.25,1.0,14997.0,0.0,0.0,1,0.0
hold_to_maturity,0.25,5.0,0.25,1.0,0.0,0.0,0.0,0,0.0
sell_before,0.25,5.0,0.25,1.0,0.0,0.0,0.0,0,0.0
round_trip,0.25,5.0,0.25,1.0,0.0,0.0,0.0,0,0.0
no_trade,0.25,5.0,0.5,0.5,14997.0,0.0,0.0,1,0.0
hold_to_maturity,0.25,5.0,0.5,0.5,0.0,0.0,0.0,0,0.0
sell_before,0.25,5.0,0.5,0.5,0.0,0.0,0.0,0,0.0
round_trip,0.25,5.0,0.5,0.5,0.0,0.0,0.0,0,0.0
no_trade,0.25,5.0,0.5,0.75,14996.0,0.0,0.0,1,0.0
hold_to_maturity,0.25,5.0,0.5,0.75,0.0,0.0,0.0,0,0.0
sell_before,0.25,5.0,0.5,0.75,0.0,0.0,0.0,0,0.0
round_trip,0.25,5.0,0.5,0.75,0.0,0.0,0.0,0,0.0
no_trade,0.25,5.0,0.5,0.8,14997.0,0.0,0.0,1,0.0
hold_to_maturity,0.25,5.0,0.5,0.8,0.0,0.0,0.0,0,0.0
sell_before,0.25,5.0,0.5,0.8,0.0,0.0,0.0,0,0.0
round_trip,0.25,5.0,0.5,0.8,0.0,0.0,0.0,0,0.0
no_trade,0.25,5.0,0.5,0.9,14997.0,0.0,0.0,1,0.0
hold_to_maturity,0.25,5.0,0.5,0.9,0.0,0.0,0.0,0,0.0
sell_before,0.25,5.0,0.5,0.9,0.0,0.0,0.0,0,0.0
round_trip,0.25,5.0,0.5,0.9,0.0,0.0,0.0,0,0.0
no_trade,0.25,5.0,0.5,1.0,14997.0,0.0,0.0,1,0.0
hold_to_maturity,0.25,5.0,0.5,1.0,0.0,0.0,0.0,0,0.0
sell_before,0.25,5.0,0.5,1.0,0.0,0.0,0.0,0,0.0
round_trip,0.25,5.0,0.5,1.0,0.0,0.0,0.0,0,0.0
no_trade,0.25,5.0,0.75,0.5,14997.0,0.0,0.0,1,0.0
hold_to_maturity,0.25,5.0,0.75,0.5,0.0,0.0,0.0,0,0.0
sell_before,0.25,5.0,0.75,0.5,0.0,0.0,0.0,0,0.0
round_trip,0.25,5.0,0.75,0.5,0.0,0.0,0.0,0,0.0
no_trade,0.25,5.0,0.75,0.75,14997.0,0.0,0.0,1,0.0
hold_to_maturity,0.25,5.0,0.75,0.75,0.0,0.0,0.0,0,0.0
sell_before,0.25,5.0,0.75,0.75,0.0,0.0,0.0,0,0.0
round_trip,0.25,5.0,0.75,0.75,0.0,0.0,0.0,0,0.0
no_trade,0.25,5.0,0.75,0.8,14997.0,0.0,0.0,1,0.0
hold_to_maturity,0.25,5.0,0.75,0.8,0.0,0.0,0.0,0,0.0
sell_before,0.25,5.0,0.75,0.8,0.0,0.0,0.0,0,0.0
round_trip,0.25,5.0,0.75,0.8,0.0,0.0,0.0,0,0.0
no_trade,0.25,5.0,0.75,0.9,14998.0,0.0,0.0,1,0.0
hold_to_maturity,0.25,5.0,0.75,0.9,0.0,0.0,0.0,0,0.0
sell_before,0.25,5.0,0.75,0.9,0.0,0.0,0.0,0,0.0
round_trip,0.25,5.0,0.75,0.9,0.0,0.0,0.0,0,0.0
no_trade,0.25,5.0,0.75,1.0,14997.0,0.0,0.0,1,0.0
hold_to_maturity,0.25,5.0,0.75,1.0,0.0,0.0,0.0,0,0.0
sell_before,0.25,5.0,0.75,1.0,0.0,0.0,0.0,0,0.0
round_trip,0.25,5.0,0.75,1.0,0.0,0.0,0.0,0,0.0
no_trade,0.25,5.0,1.0,0.5,14998.0,0.0,0.0,1,0.0
hold_to_maturity,0.25,5.0,1.0,0.5,0.0,0.0,0.0,0,0.0
sell_before,0.25,5.0,1.0,0.5,0.0,0.0,0.0,0,0.0
round_trip,0.25,5.0,1.0,0.5,0.0,0.0,0.0,0,0.0
no_trade,0.25,5.0,1.0,0.75,14998.0,0.0,0.0,1,0.0
hold_to_maturity,0.25,5.0,1.0,0.75,0.0,0.0,0.0,0,0.0
sell_before,0.25,5.0,1.0,0.75,0.0,0.0,0.0,0,0.0
round_trip,0.25,5.0,1.0,0.75,0.0,0.0,0.0,0,0.0
no_trade,0.25,5.0,1.0,0.8,14997.0,0.0,0.0,1,0.0
hold_to_maturity,0.25,5.0,1.0,0.8,0.0,0.0,0.0,0,0.0
sell_before,0.25,5.0,1.0,0.8,0.0,0.0,0.0,0,0.0
round_trip,0.25,5.0,1.0,0.8,0.0,0.0,0.0,0,0.0
no_trade,0.25,5.0,1.0,0.9,14997.0,0.0,0.0,1,0.0
hold_to_maturity,0.25,5.0,1.0,0.9,0.0,0.0,0.0,0,0.0
sell_before,0.25,5.0,1.0,0.9,0.0,0.0,0.0,0,0.0
round_trip,0.25,5.0,1.0,0.9,0.0,0.0,0.0,0,0.0
no_trade,0.25,5.0,1.0,1.0,14998.0,0.0,0.0,1,0.0
hold_to_maturity,0.25,5.0,1.0,1.0,0.0,0.0,0.0,0,0.0
sell_before,0.25,5.0,1.0,1.0,0.0,0.0,0.0,0,0.0
round_trip,0.25,5.0,1.0,1.0,0.0,0.0,0.0,0,0.0
no_trade,0.5,0.2,0.0,0.5,919.0,0.0,0.0,1,0.0
hold_to_maturity,0.5,0.2,0.0,0.5,40.0,0.0,0.0,1,0.0
sell_before,0.5,0.2,0.0,0.5,0.0,0.0,0.0,0,0.0
round_trip,0.5,0.2,0.0,0.5,0.0,0.0,0.0,0,0.0
no_trade,0.5,0.2,0.0,0.75,1341.0,0.0,0.0,1,0.0
hold_to_maturity,0.5,0.2,0.0,0.75,0.0,0.0,0.0,0,0.0
sell_before,0.5,0.2,0.0,0.75,0.0,0.0,0.0,0,0.0
round_trip,0.5,0.2,0.0,0.75,0.0,0.0,0.0,0,0.0
no_trade,0.5,0.2,0.0,0.8,2555.0,0.0,0.0,1,-0.0685424723296439
hold_to_maturity,0.5,0.2,0.0,0.8,0.0,0.0,0.0,0,0.0
sell_before,0.5,0.2,0.0,0.8,0.0,0.0,0.0,0,0.0
round_trip,0.5,0.2,0.0,0.8,0.0,0.0,0.0,0,0.0
no_trade,0.5,0.2,0.0,0.9,787.0,0.0,0.0,1,0.0
hold_to_maturity,0.5,0.2,0.0,0.9,1530.0,0.0,0.0,1,0.0
sell_before,0.5,0.2,0.0,0.9,0.0,0.0,0.0,0,0.0
round_trip,0.5,0.2,0.0,0.9,0.0,0.0,0.0,0,0.0
no_trade,0.5,0.2,0.0,1.0,0.0,0.0,0.0,1,0.0
hold_to_maturity,0.5,0.2,0.0,1.0,0.0,0.0,0.0,0,0.0
sell_before,0.5,0.2,0.0,1.0,0.0,0.0,0.0,0,0.0
round_trip,0.5,0.2,0.0,1.0,0.0,0.0,0.0,0,0.0
no_trade,0.5,0.2,0.25,0.5,5471.0,0.0,0.0,1,0.0
hold_to_maturity,0.5,0.2,0.25,0.5,530.0,0.0,0.0,1,0.0
sell_before,0.5,0.2,0.25,0.5,0.0,0.0,0.0,0,0.0
round_trip,0.5,0.2,0.25,0.5,0.0,0.0,0.0,0,0.0
no_trade,0.5,0.2,0.25,0.75,6142.0,0.0,0.0,1,0.0
hold_to_maturity,0.5,0.2,0.25,0.75,562.0,0.0,0.0,1,0.0
sell_before,0.5,0.2,0.25,0.75,0.0,0.0,0.0,0,0.0
round_trip,0.5,0.2,0.25,0.75,0.0,0.0,0.0,0,0.0
no_trade,0.5,0.2,0.25,0.8,7331.0,0.0,0.0,1,0.0
hold_to_maturity,0.5,0.2,0.25,0.8,0.0,0.0,0.0,0,0.0
sell_before,0.5,0.2,0.25,0.8,0.0,0.0,0.0,0,0.0
round_trip,0.5,0.2,0.25,0.8,0.0,0.0,0.0,0,0.0
no_trade,0.5,0.2,0.25,0.9,1022.0,0.0,0.0,1,0.0
hold_to_maturity,0.5,0.2,0.25,0.9,1755.0,0.0,0.0,1,0.0
sell_before,0.5,0.2,0.25,0.9,0.0,0.0,0.0,0,0.0
round_trip,0.5,0.2,0.25,0.9,0.0,0.0,0.0,0,0.0
no_trade,0.5,0.2,0.25,1.0,3585.0,0.0,0.0,1,0.0
hold_to_maturity,0.5,0.2,0.25,1.0,598.0,0.0,0.0,1,0.0
sell_before,0.5,0.2,0.25,1.0,0.0,0.0,0.0,0,0.0
round_trip,0.5,0.2,0.25,1.0,0.0,0.0,0.0,0,0.0
no_trade,0.5,0.2,0.5,0.5,630.0,0.0,0.0,1,-0.0344068813762752
hold_to_maturity,0.5,0.2,0.5,0.5,0.0,0.0,0.0,0,0.0
sell_before,0.5,0.2,0.5,0.5,0.0,0.0,0.0,0,0.0
round_trip,0.5,0.2,0.5,0.5,0.0,0.0,0.0,0,0.0
no_trade,0.5,0.2,0.5,0.9,3695.0,0.0,0.0,1,0.0
hold_to_maturity,0.5,0.2,0.5,0.9,526.0,0.0,0.0,1,0.0
sell_before,0.5,0.2,0.5,0.9,0.0,0.0,0.0,0,0.0
round_trip,0.5,0.2,0.5,0.9,0.0,0.0,0.0,0,0.0
no_trade,0.5,0.2,0.5,1.0,4267.0,0.0,0.0,1,0.0
hold_to_maturity,0.5,0.2,0.5,1.0,711.0,0.0,0.0,1,0.0
sell_before,0.5,0.2,0.5,1.0,0.0,0.0,0.0,0,0.0
round_trip,0.5,0.2,0.5,1.0,0.0,0.0,0.0,0,0.0
no_trade,0.5,0.2,0.75,0.5,500.0,0.0,0.0,1,0.0
hold_to_maturity,0.5,0.2,0.75,0.5,0.0,0.0,0.0,0,0.0
sell_before,0.5,0.2,0.75,0.5,0.0,0.0,0.0,0,0.0
round_trip,0.5,0.2,0.75,0.5,0.0,0.0,0.0,0,0.0
no_trade,0.5,0.2,0.75,0.75,586.0,0.0,0.0,1,-0.3184878991932795
hold_to_maturity,0.5,0.2,0.75,0.75,0.0,0.0,0.0,0,0.0
sell_before,0.5,0.2,0.75,0.75,0.0,0.0,0.0,0,0.0
round_trip,0.5,0.2,0.75,0.75,0.0,0.0,0.0,0,0.0
no_trade,0.5,0.2,0.75,0.8,6662.0,0.0,0.0,1,0.5246382609855303
hold_to_maturity,0.5,0.2,0.75,0.8,2803.0,0.0,0.0,1,0.5246382609855303
sell_before,0.5,0.2,0.75,0.8,5532.0,0.0,0.0,1,0.5246382609855303
round_trip,0.5,0.2,0.75,0.8,0.0,0.0,0.0,0,0.0
no_trade,0.5,0.2,1.0,0.5,1491.0,0.0,0.0,1,0.0
hold_to_maturity,0.5,0.2,1.0,0.5,0.0,0.0,0.0,0,0.0
sell_before,0.5,0.2,1.0,0.5,0.0,0.0,0.0,0,0.0
round_trip,0.5,0.2,1.0,0.5,0.0,0.0,0.0,0,0.0
no_trade,0.5,0.2,1.0,0.75,533.0,0.0,0.0,1,0.0
hold_to_maturity,0.5,0.2,1.0,0.75,0.0,0.0,0.0,0,0.0
sell_before,0.5,0.2,1.0,0.75,0.0,0.0,0.0,0,0.0
round_trip,0.5,0.2,1.0,0.75,0.0,0.0,0.0,0,0.0
no_trade,0.5,0.2,1.0,0.9,521.0,0.0,0.0,1,0.0
hold_to_maturity,0.5,0.2,1.0,0.9,0.0,0.0,0.0,0,0.0
sell_before,0.5,0.2,1.0,0.9,0.0,0.0,0.0,0,0.0
round_trip,0.5,0.2,1.0,0.9,0.0,0.0,0.0,0,0.0
no_trade,0.5,0.2,1.0,1.0,500.0,0.0,0.0,1,0.0
hold_to_maturity,0.5,0.2,1.0,1.0,0.0,0.0,0.0,0,0.0
sell_before,0.5,0.2,1.0,1.0,0.0,0.0,0.0,0,0.0
round_trip,0.5,0.2,1.0,1.0,0.0,0.0,0.0,0,0.0
no_trade,0.5,0.5,0.0,0.5,602.0,0.0,0.0,1,0.4832966593318663
hold_to_maturity,0.5,0.5,0.0,0.5,0.0,0.0,0.0,0,0.0
sell_before,0.5,0.5,0.0,0.5,6646.0,0.0,0.0,1,0.4832966593318663
round_trip,0.5,0.5,0.0,0.5,0.0,0.0,0.0,0,0.0
no_trade,0.5,0.5,0.0,0.75,5317.0,0.0,0.0,1,0.0
hold_to_maturity,0.5,0.5,0.0,0.75,2827.0,0.0,0.0,1,0.0
sell_before,0.5,0.5,0.0,0.75,6854.0,0.0,0.0,1,0.0
round_trip,0.5,0.5,0.0,0.75,0.0,0.0,0.0,0,0.0
no_trade,0.5,0.5,0.0,0.9,2430.0,0.0,0.0,1,0.9666622216295506
hold_to_maturity,0.5,0.5,0.0,0.9,0.0,0.0,0.0,0,0.0
sell_before,0.5,0.5,0.0,0.9,12068.0,0.0,0.0,1,0.9666622216295506
round_trip,0.5,0.5,0.0,0.9,0.0,0.0,0.0,0,0.0
no_trade,0.5,0.5,0.0,1.0,18.0,0.0,0.0,1,0.0
hold_to_maturity,0.5,0.5,0.0,1.0,0.0,0.0,0.0,0,0.0
sell_before,0.5,0.5,0.0,1.0,0.0,0.0,0.0,0,0.0
round_trip,0.5,0.5,0.0,1.0,0.0,0.0,0.0,0,0.0
no_trade,0.5,0.5,0.25,0.5,6925.0,0.0,0.0,1,0.0
hold_to_maturity,0.5,0.5,0.25,0.5,2730.0,0.0,0.0,1,0.0
sell_before,0.5,0.5,0.25,0.5,5343.0,0.0,0.0,1,0.0
round_trip,0.5,0.5,0.25,0.5,0.0,0.0,0.0,0,0.0
no_trade,0.5,0.5,0.25,0.75,824.0,0.0,0.0,1,-0.9450556778022272
hold_to_maturity,0.5,0.5,0.25,0.75,0.0,0.0,0.0,0,0.0
sell_before,0.5,0.5,0.25,0.75,0.0,0.0,0.0,0,0.0
round_trip,0.5,0.5,0.25,0.75,0.0,0.0,0.0,0,0.0
no_trade,0.5,0.5,0.25,0.8,3630.0,0.0,0.0,1,0.0
hold_to_maturity,0.5,0.5,0.25,0.8,2039.0,0.0,0.0,1,0.0
sell_before,0.5,0.5,0.25,0.8,0.0,0.0,0.0,0,0.0
round_trip,0.5,0.5,0.25,0.8,0.0,0.0,0.0,0,0.0
no_trade,0.5,0.5,0.25,1.0,14998.0,0.0,0.0,1,0.0
hold_to_maturity,0.5,0.5,0.25,1.0,0.0,0.0,0.0,0,0.0
sell_before,0.5,0.5,0.25,1.0,0.0,0.0,0.0,0,0.0
round_trip,0.5,0.5,0.25,1.0,0.0,0.0,0.0,0,0.0
no_trade,0.5,0.5,0.5,0.8,4351.0,0.0,0.0,1,0.0
hold_to_maturity,0.5,0.5,0.5,0.8,659.0,0.0,0.0,1,0.0
sell_before,0.5,0.5,0.5,0.8,0.0,0.0,0.0,0,0.0
round_trip,0.5,0.5,0.5,0.8,0.0,0.0,0.0,0,0.0
no_trade,0.5,0.5,0.5,0.9,14997.0,0.0,0.0,1,0.0
hold_to_maturity,0.5,0.5,0.5,0.9,0.0,0.0,0.0,0,0.0
sell_before,0.5,0.5,0.5,0.9,0.0,0.0,0.0,0,0.0
round_trip,0.5,0.5,0.5,0.9,0.0,0.0,0.0,0,0.0
no_trade,0.5,0.5,0.5,1.0,5370.0,0.0,0.0,1,0.0
hold_to_maturity,0.5,0.5,0.5,1.0,0.0,0.0,0.0,0,0.0
sell_before,0.5,0.5,0.5,1.0,4663.0,0.0,0.0,1,0.0
round_trip,0.5,0.5,0.5,1.0,0.0,0.0,0.0,0,0.0
no_trade,0.5,0.5,0.75,0.5,6400.0,0.0,0.0,1,0.0
hold_to_maturity,0.5,0.5,0.75,0.5,0.0,0.0,0.0,0,0.0
sell_before,0.5,0.5,0.75,0.5,0.0,0.0,0.0,0,0.0
round_trip,0.5,0.5,0.75,0.5,0.0,0.0,0.0,0,0.0
no_trade,0.5,0.5,0.75,0.8,2971.0,0.0,0.0,1,0.0
hold_to_maturity,0.5,0.5,0.75,0.8,591.0,0.0,0.0,1,0.0
sell_before,0.5,0.5,0.75,0.8,0.0,0.0,0.0,0,0.0
round_trip,0.5,0.5,0.75,0.8,0.0,0.0,0.0,0,0.0
no_trade,0.5,0.5,0.75,0.9,0.0,0.0,0.0,0,0.0
hold_to_maturity,0.5,0.5,0.75,0.9,0.0,0.0,0.0,0,0.0
sell_before,0.5,0.5,0.75,0.9,4759.0,0.0,0.0,1,0.0
round_trip,0.5,0.5,0.75,0.9,0.0,0.0,0.0,0,0.0
no_trade,0.5,0.5,0.75,1.0,3633.0,0.0,0.0,1,0.0
hold_to_maturity,0.5,0.5,0.75,1.0,515.0,0.0,0.0,1,0.0
sell_before,0.5,0.5,0.75,1.0,0.0,0.0,0.0,0,0.0
round_trip,0.5,0.5,0.75,1.0,0.0,0.0,0.0,0,0.0
no_trade,0.5,0.5,1.0,0.5,0.0,0.0,0.0,0,0.0
hold_to_maturity,0.5,0.5,1.0,0.5,0.0,0.0,0.0,0,0.0
sell_before,0.5,0.5,1.0,0.5,5940.0,0.0,0.0,1,0.3960528070409387
round_trip,0.5,0.5,1.0,0.5,0.0,0.0,0.0,0,0.0
no_trade,0.5,0.5,1.0,0.9,9776.0,0.0,0.0,1,0.0
hold_to_maturity,0.5,0.5,1.0,0.9,0.0,0.0,0.0,0,0.0
sell_before,0.5,0.5,1.0,0.9,4723.0,0.0,0.0,1,0.0
round_trip,0.5,0.5,1.0,0.9,0.0,0.0,0.0,0,0.0
no_trade,0.5,0.5,1.0,1.0,0.0,0.0,0.0,0,0.0
hold_to_maturity,0.5,0.5,1.0,1.0,1719.0,0.0,0.0,1,-0.0928852437154097
sell_before,0.5,0.5,1.0,1.0,0.0,0.0,0.0,0,0.0
round_trip,0.5,0.5,1.0,1.0,0.0,0.0,0.0,0,0.0
no_trade,0.5,1.0,0.0,0.5,6107.0,0.0,0.0,1,0.0
hold_to_maturity,0.5,1.0,0.0,0.5,2926.0,0.0,0.0,1,0.0
sell_before,0.5,1.0,0.0,0.5,5964.0,0.0,0.0,1,0.0
round_trip,0.5,1.0,0.0,0.5,0.0,0.0,0.0,0,0.0
no_trade,0.5,1.0,0.0,0.75,1443.0,0.0,0.0,1,-0.903787171622883
hold_to_maturity,0.5,1.0,0.0,0.75,0.0,0.0,0.0,0,0.0
sell_before,0.5,1.0,0.0,0.75,0.0,0.0,0.0,0,0.0
round_trip,0.5,1.0,0.0,0.75,0.0,0.0,0.0,0,0.0
no_trade,0.5,1.0,0.0,0.8,14997.0,0.0,0.0,1,0.0
hold_to_maturity,0.5,1.0,0.0,0.8,0.0,0.0,0.0,0,0.0
sell_before,0.5,1.0,0.0,0.8,0.0,0.0,0.0,0,0.0
round_trip,0.5,1.0,0.0,0.8,0.0,0.0,0.0,0,0.0
no_trade,0.5,1.0,0.0,0.9,14996.0,0.0,0.0,1,0.0
hold_to_maturity,0.5,1.0,0.0,0.9,0.0,0.0,0.0,0,0.0
sell_before,0.5,1.0,0.0,0.9,0.0,0.0,0.0,0,0.0
round_trip,0.5,1.0,0.0,0.9,0.0,0.0,0.0,0,0.0
no_trade,0.5,1.0,0.0,1.0,2397.0,0.0,0.0,1,-0.1667000066680002
hold_to_maturity,0.5,1.0,0.0,1.0,0.0,0.0,0.0,0,0.0
sell_before,0.5,1.0,0.0,1.0,10100.0,0.0,0.0,1,-0.1667000066680002
round_trip,0.5,1.0,0.0,1.0,0.0,0.0,0.0,0,0.0
no_trade,0.5,1.0,0.25,0.5,14999.0,0.0,0.0,1,0.0
hold_to_maturity,0.5,1.0,0.25,0.5,0.0,0.0,0.0,0,0.0
sell_before,0.5,1.0,0.25,0.5,0.0,0.0,0.0,0,0.0
round_trip,0.5,1.0,0.25,0.5,0.0,0.0,0.0,0,0.0
no_trade,0.5,1.0,0.25,0.75,14997.0,0.0,0.0,1,0.0
hold_to_maturity,0.5,1.0,0.25,0.75,0.0,0.0,0.0,0,0.0
sell_before,0.5,1.0,0.25,0.75,0.0,0.0,0.0,0,0.0
round_trip,0.5,1.0,0.25,0.75,0.0,0.0,0.0,0,0.0
no_trade,0.5,1.0,0.25,0.8,14997.0,0.0,0.0,1,0.0
hold_to_maturity,0.5,1.0,0.25,0.8,0.0,0.0,0.0,0,0.0
sell_before,0.5,1.0,0.25,0.8,0.0,0.0,0.0,0,0.0
round_trip,0.5,1.0,0.25,0.8,0.0,0.0,0.0,0,0.0
no_trade,0.5,1.0,0.25,0.9,0.0,0.0,0.0,0,0.0
hold_to_maturity,0.5,1.0,0.25,0.9,0.0,0.0,0.0,0,0.0
sell_before,0.5,1.0,0.25,0.9,5004.0,0.0,0.0,1,0.3336667333466693
round_trip,0.5,1.0,0.25,0.9,0.0,0.0,0.0,0,0.0
no_trade,0.5,1.0,0.5,0.5,14997.0,0.0,0.0,1,0.0
hold_to_maturity,0.5,1.0,0.5,0.5,0.0,0.0,0.0,0,0.0
sell_before,0.5,1.0,0.5,0.5,0.0,0.0,0.0,0,0.0
round_trip,0.5,1.0,0.5,0.5,0.0,0.0,0.0,0,0.0
no_trade,0.5,1.0,0.5,0.75,3705.0,0.0,0.0,1,0.6717114474298286
hold_to_maturity,0.5,1.0,0.5,0.75,1592.0,0.0,0.0,1,0.6717114474298286
sell_before,0.5,1.0,0.5,0.75,5424.0,0.0,0.0,1,0.6717114474298286
round_trip,0.5,1.0,0.5,0.75,4278.0,0.0,0.0,1,0.6717114474298286
no_trade,0.5,1.0,0.5,0.8,3279.0,0.0,0.0,1,0.0
hold_to_maturity,0.5,1.0,0.5,0.8,2061.0,0.0,0.0,1,0.0
sell_before,0.5,1.0,0.5,0.8,0.0,0.0,0.0,0,0.0
round_trip,0.5,1.0,0.5,0.8,0.0,0.0,0.0,0,0.0
no_trade,0.5,1.0,0.5,1.0,0.0,0.0,0.0,0,0.0
hold_to_maturity,0.5,1.0,0.5,1.0,2914.0,0.0,0.0,1,0.0
sell_before,0.5,1.0,0.5,1.0,0.0,0.0,0.0,0,0.0
round_trip,0.5,1.0,0.5,1.0,0.0,0.0,0.0,0,0.0
no_trade,0.5,1.0,0.75,0.5,1093.0,0.0,0.0,1,-0.2685203707408148
hold_to_maturity,0.5,1.0,0.75,0.5,0.0,0.0,0.0,0,0.0
sell_before,0.5,1.0,0.75,0.5,0.0,0.0,0.0,0,0.0
round_trip,0.5,1.0,0.75,0.5,0.0,0.0,0.0,0,0.0
no_trade,0.5,1.0,0.75,0.75,8029.0,0.0,0.0,1,0.0
hold_to_maturity,0.5,1.0,0.75,0.75,1509.0,0.0,0.0,1,0.0
sell_before,0.5,1.0,0.75,0.75,5459.0,0.0,0.0,1,0.0
round_trip,0.5,1.0,0.75,0.75,0.0,0.0,0.0,0,0.0
no_trade,0.5,1.0,0.75,0.8,2158.0,0.0,0.0,1,-0.0352070414082816
hold_to_maturity,0.5,1.0,0.75,0.8,0.0,0.0,0.0,0,0.0
sell_before,0.5,1.0,0.75,0.8,0.0,0.0,0.0,0,0.0
round_trip,0.5,1.0,0.75,0.8,0.0,0.0,0.0,0,0.0
no_trade,0.5,1.0,0.75,0.9,14998.0,0.0,0.0,1,0.0
hold_to_maturity,0.5,1.0,0.75,0.9,0.0,0.0,0.0,0,0.0
sell_before,0.5,1.0,0.75,0.9,0.0,0.0,0.0,0,0.0
round_trip,0.5,1.0,0.75,0.9,0.0,0.0,0.0,0,0.0
no_trade,0.5,1.0,0.75,1.0,0.0,0.0,0.0,0,0.0
hold_to_maturity,0.5,1.0,0.75,1.0,1633.0,0.0,0.0,1,-0.2083750083350003
sell_before,0.5,1.0,0.75,1.0,0.0,0.0,0.0,0,0.0
round_trip,0.5,1.0,0.75,1.0,0.0,0.0,0.0,0,0.0
no_trade,0.5,1.0,1.0,0.5,1590.0,0.0,0.0,1,0.0
hold_to_maturity,0.5,1.0,1.0,0.5,0.0,0.0,0.0,0,0.0
sell_before,0.5,1.0,1.0,0.5,0.0,0.0,0.0,0,0.0
round_trip,0.5,1.0,1.0,0.5,0.0,0.0,0.0,0,0.0
no_trade,0.5,1.0,1.0,0.75,7776.0,0.0,0.0,1,1.0
hold_to_maturity,0.5,1.0,1.0,0.75,1395.0,0.0,0.0,1,1.0
sell_before,0.5,1.0,1.0,0.75,5827.0,0.0,0.0,1,1.0
round_trip,0.5,1.0,1.0,0.75,0.0,0.0,0.0,0,0.0
no_trade,0.5,1.0,1.0,0.8,9790.0,0.0,0.0,1,0.0954857638194305
hold_to_maturity,0.5,1.0,1.0,0.8,0.0,0.0,0.0,0,0.0
sell_before,0.5,1.0,1.0,0.8,5207.0,0.0,0.0,1,0.0954857638194305
round_trip,0.5,1.0,1.0,0.8,0.0,0.0,0.0,0,0.0
no_trade,0.5,1.0,1.0,1.0,7186.0,0.0,0.0,1,0.6860038674401546
hold_to_maturity,0.5,1.0,1.0,1.0,2211.0,0.0,0.0,1,0.6860038674401546
sell_before,0.5,1.0,1.0,1.0,5600.0,0.0,0.0,1,0.6860038674401546
round_trip,0.5,1.0,1.0,1.0,0.0,0.0,0.0,0,0.0
no_trade,0.5,2.0,0.0,0.5,1215.0,0.0,0.0,1,0.0
hold_to_maturity,0.5,2.0,0.0,0.5,0.0,0.0,0.0,0,0.0
sell_before,0.5,2.0,0.0,0.5,0.0,0.0,0.0,0,0.0
round_trip,0.5,2.0,0.0,0.5,0.0,0.0,0.0,0,0.0
no_trade,0.5,2.0,0.0,0.75,14997.0,0.0,0.0,1,0.0
hold_to_maturity,0.5,2.0,0.0,0.75,0.0,0.0,0.0,0,0.0
sell_before,0.5,2.0,0.0,0.75,0.0,0.0,0.0,0,0.0
round_trip,0.5,2.0,0.0,0.75,0.0,0.0,0.0,0,0.0
no_trade,0.5,2.0,0.0,0.8,14997.0,0.0,0.0,1,0.0
hold_to_maturity,0.5,2.0,0.0,0.8,0.0,0.0,0.0,0,0.0
sell_before,0.5,2.0,0.0,0.8,0.0,0.0,0.0,0,0.0
round_trip,0.5,2.0,0.0,0.8,0.0,0.0,0.0,0,0.0
no_trade,0.5,2.0,0.0,0.9,14997.0,0.0,0.0,1,0.0
hold_to_maturity,0.5,2.0,0.0,0.9,0.0,0.0,0.0,0,0.0
sell_before,0.5,2.0,0.0,0.9,0.0,0.0,0.0,0,0.0
round_trip,0.5,2.0,0.0,0.9,0.0,0.0,0.0,0,0.0
no_trade,0.5,2.0,0.0,1.0,694.0,0.0,0.0,1,-0.9537271636218162
hold_to_maturity,0.5,2.0,0.0,1.0,0.0,0.0,0.0,0,0.0
sell_before,0.5,2.0,0.0,1.0,0.0,0.0,0.0,0,0.0
round_trip,0.5,2.0,0.0,1.0,0.0,0.0,0.0,0,0.0
no_trade,0.5,2.0,0.25,0.5,14997.0,0.0,0.0,1,0.0
hold_to_maturity,0.5,2.0,0.25,0.5,0.0,0.0,0.0,0,0.0
sell_before,0.5,2.0,0.25,0.5,0.0,0.0,0.0,0,0.0
round_trip,0.5,2.0,0.25,0.5,0.0,0.0,0.0,0,0.0
no_trade,0.5,2.0,0.25,0.75,14998.0,0.0,0.0,1,0.0
hold_to_maturity,0.5,2.0,0.25,0.75,0.0,0.0,0.0,0,0.0
sell_before,0.5,2.0,0.25,0.75,0.0,0.0,0.0,0,0.0
round_trip,0.5,2.0,0.25,0.75,0.0,0.0,0.0,0,0.0
no_trade,0.5,2.0,0.25,0.8,14997.0,0.0,0.0,1,0.0
hold_to_maturity,0.5,2.0,0.25,0.8,0.0,0.0,0.0,0,0.0
sell_before,0.5,2.0,0.25,0.8,0.0,0.0,0.0,0,0.0
round_trip,0.5,2.0,0.25,0.8,0.0,0.0,0.0,0,0.0
no_trade,0.5,2.0,0.25,0.9,1078.0,0.0,0.0,1,-0.9281237498333113
hold_to_maturity,0.5,2.0,0.25,0.9,0.0,0.0,0.0,0,0.0
sell_before,0.5,2.0,0.25,0.9,0.0,0.0,0.0,0,0.0
round_trip,0.5,2.0,0.25,0.9,0.0,0.0,0.0,0,0.0
no_trade,0.5,2.0,0.25,1.0,7451.0,0.0,0.0,1,0.0
hold_to_maturity,0.5,2.0,0.25,1.0,1510.0,0.0,0.0,1,0.0
sell_before,0.5,2.0,0.25,1.0,6037.0,0.0,0.0,1,0.0
round_trip,0.5,2.0,0.25,1.0,0.0,0.0,0.0,0,0.0
no_trade,0.5,2.0,0.5,0.5,1047.0,0.0,0.0,1,0.0
hold_to_maturity,0.5,2.0,0.5,0.5,0.0,0.0,0.0,0,0.0
sell_before,0.5,2.0,0.5,0.5,0.0,0.0,0.0,0,0.0
round_trip,0.5,2.0,0.5,0.5,0.0,0.0,0.0,0,0.0
no_trade,0.5,2.0,0.5,0.75,14998.0,0.0,0.0,1,0.0
hold_to_maturity,0.5,2.0,0.5,0.75,0.0,0.0,0.0,0,0.0
sell_before,0.5,2.0,0.5,0.75,0.0,0.0,0.0,0,0.0
round_trip,0.5,2.0,0.5,0.75,0.0,0.0,0.0,0,0.0
no_trade,0.5,2.0,0.5,0.8,7022.0,0.0,0.0,1,1.0
hold_to_maturity,0.5,2.0,0.5,0.8,2234.0,0.0,0.0,1,1.0
sell_before,0.5,2.0,0.5,0.8,5741.0,0.0,0.0,1,1.0
round_trip,0.5,2.0,0.5,0.8,0.0,0.0,0.0,0,0.0
no_trade,0.5,2.0,0.5,0.9,14997.0,0.0,0.0,1,0.0
hold_to_maturity,0.5,2.0,0.5,0.9,0.0,0.0,0.0,0,0.0
sell_before,0.5,2.0,0.5,0.9,0.0,0.0,0.0,0,0.0
round_trip,0.5,2.0,0.5,0.9,0.0,0.0,0.0,0,0.0
no_trade,0.5,2.0,0.5,1.0,14997.0,0.0,0.0,1,0.0
hold_to_maturity,0.5,2.0,0.5,1.0,0.0,0.0,0.0,0,0.0
sell_before,0.5,2.0,0.5,1.0,0.0,0.0,0.0,0,0.0
round_trip,0.5,2.0,0.5,1.0,0.0,0.0,0.0,0,0.0
no_trade,0.5,2.0,0.75,0.5,14998.0,0.0,0.0,1,0.0
hold_to_maturity,0.5,2.0,0.75,0.5,0.0,0.0,0.0,0,0.0
sell_before,0.5,2.0,0.75,0.5,0.0,0.0,0.0,0,0.0
round_trip,0.5,2.0,0.75,0.5,0.0,0.0,0.0,0,0.0
no_trade,0.5,2.0,0.75,0.75,3746.0,0.0,0.0,1,1.0
hold_to_maturity,0.5,2.0,0.75,0.75,1754.0,0.0,0.0,1,1.0
sell_before,0.5,2.0,0.75,0.75,5536.0,0.0,0.0,1,1.0
round_trip,0.5,2.0,0.75,0.75,3961.0,0.0,0.0,1,1.0
no_trade,0.5,2.0,0.75,0.9,7344.0,0.0,0.0,1,0.6686003867440155
hold_to_maturity,0.5,2.0,0.75,0.9,2183.0,0.0,0.0,1,0.6686003867440155
sell_before,0.5,2.0,0.75,0.9,5470.0,0.0,0.0,1,0.6686003867440155
round_trip,0.5,2.0,0.75,0.9,0.0,0.0,0.0,0,0.0
no_trade,0.5,2.0,0.75,1.0,5707.0,0.0,0.0,1,0.3814508601146819
hold_to_maturity,0.5,2.0,0.75,1.0,1333.0,0.0,0.0,1,0.3814508601146819
sell_before,0.5,2.0,0.75,1.0,5721.0,0.0,0.0,1,0.3814508601146819
round_trip,0.5,2.0,0.75,1.0,0.0,0.0,0.0,0,0.0
no_trade,0.5,2.0,1.0,0.5,14997.0,0.0,0.0,1,0.0
hold_to_maturity,0.5,2.0,1.0,0.5,0.0,0.0,0.0,0,0.0
sell_before,0.5,2.0,1.0,0.5,0.0,0.0,0.0,0,0.0
round_trip,0.5,2.0,1.0,0.5,0.0,0.0,0.0,0,0.0
no_trade,0.5,2.0,1.0,0.75,14998.0,0.0,0.0,1,0.0
hold_to_maturity,0.5,2.0,1.0,0.75,0.0,0.0,0.0,0,0.0
sell_before,0.5,2.0,1.0,0.75,0.0,0.0,0.0,0,0.0
round_trip,0.5,2.0,1.0,0.75,0.0,0.0,0.0,0,0.0
no_trade,0.5,2.0,1.0,0.9,8396.0,0.0,0.0,1,0.6420189358581144
hold_to_maturity,0.5,2.0,1.0,0.9,761.0,0.0,0.0,1,0.6420189358581144
sell_before,0.5,2.0,1.0,0.9,5841.0,0.0,0.0,1,0.6420189358581144
round_trip,0.5,2.0,1.0,0.9,0.0,0.0,0.0,0,0.0
no_trade,0.5,2.0,1.0,1.0,7100.0,0.0,0.0,1,1.0
hold_to_maturity,0.5,2.0,1.0,1.0,1230.0,0.0,0.0,1,1.0
sell_before,0.5,2.0,1.0,1.0,6667.0,0.0,0.0,1,1.0
round_trip,0.5,2.0,1.0,1.0,0.0,0.0,0.0,0,0.0
no_trade,0.5,5.0,0.0,0.5,14998.0,0.0,0.0,1,0.0
hold_to_maturity,0.5,5.0,0.0,0.5,0.0,0.0,0.0,0,0.0
sell_before,0.5,5.0,0.0,0.5,0.0,0.0,0.0,0,0.0
round_trip,0.5,5.0,0.0,0.5,0.0,0.0,0.0,0,0.0
no_trade,0.5,5.0,0.0,0.75,14997.0,0.0,0.0,1,0.0
hold_to_maturity,0.5,5.0,0.0,0.75,0.0,0.0,0.0,0,0.0
sell_before,0.5,5.0,0.0,0.75,0.0,0.0,0.0,0,0.0
round_trip,0.5,5.0,0.0,0.75,0.0,0.0,0.0,0,0.0
no_trade,0.5,5.0,0.0,0.8,14997.0,0.0,0.0,1,0.0
hold_to_maturity,0.5,5.0,0.0,0.8,0.0,0.0,0.0,0,0.0
sell_before,0.5,5.0,0.0,0.8,0.0,0.0,0.0,0,0.0
round_trip,0.5,5.0,0.0,0.8,0.0,0.0,0.0,0,0.0
no_trade,0.5,5.0,0.0,0.9,14998.0,0.0,0.0,1,0.0
hold_to_maturity,0.5,5.0,0.0,0.9,0.0,0.0,0.0,0,0.0
sell_before,0.5,5.0,0.0,0.9,0.0,0.0,0.0,0,0.0
round_trip,0.5,5.0,0.0,0.9,0.0,0.0,0.0,0,0.0
no_trade,0.5,5.0,0.0,1.0,14998.0,0.0,0.0,1,0.0
hold_to_maturity,0.5,5.0,0.0,1.0,0.0,0.0,0.0,0,0.0
sell_before,0.5,5.0,0.0,1.0,0.0,0.0,0.0,0,0.0
round_trip,0.5,5.0,0.0,1.0,0.0,0.0,0.0,0,0.0
no_trade,0.5,5.0,0.25,0.5,8366.0,0.0,0.0,1,0.0
hold_to_maturity,0.5,5.0,0.25,0.5,1563.0,0.0,0.0,1,0.0
sell_before,0.5,5.0,0.25,0.5,5069.0,0.0,0.0,1,0.0
round_trip,0.5,5.0,0.25,0.5,0.0,0.0,0.0,0,0.0
no_trade,0.5,5.0,0.25,0.75,14998.0,0.0,0.0,1,0.0
hold_to_maturity,0.5,5.0,0.25,0.75,0.0,0.0,0.0,0,0.0
sell_before,0.5,5.0,0.25,0.75,0.0,0.0,0.0,0,0.0
round_trip,0.5,5.0,0.25,0.75,0.0,0.0,0.0,0,0.0
no_trade,0.5,5.0,0.25,0.8,14997.0,0.0,0.0,1,0.0
hold_to_maturity,0.5,5.0,0.25,0.8,0.0,0.0,0.0,0,0.0
sell_before,0.5,5.0,0.25,0.8,0.0,0.0,0.0,0,0.0
round_trip,0.5,5.0,0.25,0.8,0.0,0.0,0.0,0,0.0
no_trade,0.5,5.0,0.25,0.9,14998.0,0.0,0.0,1,0.0
hold_to_maturity,0.5,5.0,0.25,0.9,0.0,0.0,0.0,0,0.0
sell_before,0.5,5.0,0.25,0.9,0.0,0.0,0.0,0,0.0
round_trip,0.5,5.0,0.25,0.9,0.0,0.0,0.0,0,0.0
no_trade,0.5,5.0,0.25,1.0,14998.0,0.0,0.0,1,0.0
hold_to_maturity,0.5,5.0,0.25,1.0,0.0,0.0,0.0,0,0.0
sell_before,0.5,5.0,0.25,1.0,0.0,0.0,0.0,0,0.0
round_trip,0.5,5.0,0.25,1.0,0.0,0.0,0.0,0,0.0
no_trade,0.5,5.0,0.5,0.5,2349.0,0.0,0.0,1,-0.8433791172156287
hold_to_maturity,0.5,5.0,0.5,0.5,0.0,0.0,0.0,0,0.0
sell_before,0.5,5.0,0.5,0.5,0.0,0.0,0.0,0,0.0
round_trip,0.5,5.0,0.5,0.5,0.0,0.0,0.0,0,0.0
no_trade,0.5,5.0,0.5,0.75,14998.0,0.0,0.0,1,0.0
hold_to_maturity,0.5,5.0,0.5,0.75,0.0,0.0,0.0,0,0.0
sell_before,0.5,5.0,0.5,0.75,0.0,0.0,0.0,0,0.0
round_trip,0.5,5.0,0.5,0.75,0.0,0.0,0.0,0,0.0
no_trade,0.5,5.0,0.5,0.8,14998.0,0.0,0.0,1,0.0
hold_to_maturity,0.5,5.0,0.5,0.8,0.0,0.0,0.0,0,0.0
sell_before,0.5,5.0,0.5,0.8,0.0,0.0,0.0,0,0.0
round_trip,0.5,5.0,0.5,0.8,0.0,0.0,0.0,0,0.0
no_trade,0.5,5.0,0.5,0.9,0.0,0.0,0.0,0,0.0
hold_to_maturity,0.5,5.0,0.5,0.9,2289.0,0.0,0.0,1,0.3493799173223096
sell_before,0.5,5.0,0.5,0.9,5240.0,0.0,0.0,1,0.3493799173223096
round_trip,0.5,5.0,0.5,0.9,0.0,0.0,0.0,0,0.0
no_trade,0.5,5.0,0.5,1.0,14997.0,0.0,0.0,1,0.0
hold_to_maturity,0.5,5.0,0.5,1.0,0.0,0.0,0.0,0,0.0
sell_before,0.5,5.0,0.5,1.0,0.0,0.0,0.0,0,0.0
round_trip,0.5,5.0,0.5,1.0,0.0,0.0,0.0,0,0.0
no_trade,0.5,5.0,0.75,0.5,14997.0,0.0,0.0,1,0.0
hold_to_maturity,0.5,5.0,0.75,0.5,0.0,0.0,0.0,0,0.0
sell_before,0.5,5.0,0.75,0.5,0.0,0.0,0.0,0,0.0
round_trip,0.5,5.0,0.75,0.5,0.0,0.0,0.0,0,0.0
no_trade,0.5,5.0,0.75,0.75,14997.0,0.0,0.0,1,0.0
hold_to_maturity,0.5,5.0,0.75,0.75,0.0,0.0,0.0,0,0.0
sell_before,0.5,5.0,0.75,0.75,0.0,0.0,0.0,0,0.0
round_trip,0.5,5.0,0.75,0.75,0.0,0.0,0.0,0,0.0
no_trade,0.5,5.0,0.75,0.8,14998.0,0.0,0.0,1,0.0
hold_to_maturity,0.5,5.0,0.75,0.8,0.0,0.0,0.0,0,0.0
sell_before,0.5,5.0,0.75,0.8,0.0,0.0,0.0,0,0.0
round_trip,0.5,5.0,0.75,0.8,0.0,0.0,0.0,0,0.0
no_trade,0.5,5.0,0.75,0.9,14998.0,0.0,0.0,1,0.0
hold_to_maturity,0.5,5.0,0.75,0.9,0.0,0.0,0.0,0,0.0
sell_before,0.5,5.0,0.75,0.9,0.0,0.0,0.0,0,0.0
round_trip,0.5,5.0,0.75,0.9,0.0,0.0,0.0,0,0.0
no_trade,0.5,5.0,0.75,1.0,14998.0,0.0,0.0,1,0.0
hold_to_maturity,0.5,5.0,0.75,1.0,0.0,0.0,0.0,0,0.0
sell_before,0.5,5.0,0.75,1.0,0.0,0.0,0.0,0,0.0
round_trip,0.5,5.0,0.75,1.0,0.0,0.0,0.0,0,0.0
no_trade,0.5,5.0,1.0,0.5,7609.0,0.0,0.0,1,0.0333377783704493
hold_to_maturity,0.5,5.0,1.0,0.5,0.0,0.0,0.0,0,0.0
sell_before,0.5,5.0,1.0,0.5,5352.0,0.0,0.0,1,0.0333377783704493
round_trip,0.5,5.0,1.0,0.5,0.0,0.0,0.0,0,0.0
no_trade,0.5,5.0,1.0,0.75,14997.0,0.0,0.0,1,0.0
hold_to_maturity,0.5,5.0,1.0,0.75,0.0,0.0,0.0,0,0.0
sell_before,0.5,5.0,1.0,0.75,0.0,0.0,0.0,0,0.0
round_trip,0.5,5.0,1.0,0.75,0.0,0.0,0.0,0,0.0
no_trade,0.5,5.0,1.0,0.8,14998.0,0.0,0.0,1,0.0
hold_to_maturity,0.5,5.0,1.0,0.8,0.0,0.0,0.0,0,0.0
sell_before,0.5,5.0,1.0,0.8,0.0,0.0,0.0,0,0.0
round_trip,0.5,5.0,1.0,0.8,0.0,0.0,0.0,0,0.0
no_trade,0.5,5.0,1.0,0.9,14998.0,0.0,0.0,1,0.0
hold_to_maturity,0.5,5.0,1.0,0.9,0.0,0.0,0.0,0,0.0
sell_before,0.5,5.0,1.0,0.9,0.0,0.0,0.0,0,0.0
round_trip,0.5,5.0,1.0,0.9,0.0,0.0,0.0,0,0.0
no_trade,0.5,5.0,1.0,1.0,14998.0,0.0,0.0,1,0.0
hold_to_maturity,0.5,5.0,1.0,1.0,0.0,0.0,0.0,0,0.0
sell_before,0.5,5.0,1.0,1.0,0.0,0.0,0.0,0,0.0
round_trip,0.5,5.0,1.0,1.0,0.0,0.0,0.0,0,0.0
no_trade,1.0,0.2,0.0,0.5,3.0,0.0,0.0,1,0.0
hold_to_maturity,1.0,0.2,0.0,0.5,0.0,0.0,0.0,0,0.0
sell_before,1.0,0.2,0.0,0.5,0.0,0.0,0.0,0,0.0
round_trip,1.0,0.2,0.0,0.5,0.0,0.0,0.0,0,0.0
no_trade,1.0,0.2,0.0,0.75,1126.0,0.0,0.0,1,0.0
hold_to_maturity,1.0,0.2,0.0,0.75,0.0,0.0,0.0,1,0.0
sell_before,1.0,0.2,0.0,0.75,0.0,0.0,0.0,0,0.0
round_trip,1.0,0.2,0.0,0.75,0.0,0.0,0.0,0,0.0
no_trade,1.0,0.2,0.0,0.8,6.0,0.0,0.0,1,0.0
hold_to_maturity,1.0,0.2,0.0,0.8,0.0,0.0,0.0,1,0.0
sell_before,1.0,0.2,0.0,0.8,0.0,0.0,0.0,0,0.0
round_trip,1.0,0.2,0.0,0.8,0.0,0.0,0.0,0,0.0
no_trade,1.0,0.2,0.0,1.0,505.0,0.0,0.0,1,0.0
hold_to_maturity,1.0,0.2,0.0,1.0,0.0,0.0,0.0,0,0.0
sell_before,1.0,0.2,0.0,1.0,2071.0,0.0,0.0,1,0.0
round_trip,1.0,0.2,0.0,1.0,0.0,0.0,0.0,0,0.0
no_trade,1.0,0.2,0.25,0.75,0.0,0.0,0.0,0,0.0
hold_to_maturity,1.0,0.2,0.25,0.75,0.0,0.0,0.0,0,0.0
sell_before,1.0,0.2,0.25,0.75,3197.0,0.0,0.0,1,0.2131759685270387
round_trip,1.0,0.2,0.25,0.75,0.0,0.0,0.0,0,0.0
no_trade,1.0,0.2,0.25,0.8,1825.0,0.0,0.0,1,0.0
hold_to_maturity,1.0,0.2,0.25,0.8,500.0,0.0,0.0,1,0.0
sell_before,1.0,0.2,0.25,0.8,0.0,0.0,0.0,0,0.0
round_trip,1.0,0.2,0.25,0.8,0.0,0.0,0.0,0,0.0
no_trade,1.0,0.2,0.25,1.0,502.0,0.0,0.0,1,-0.0686091478863848
hold_to_maturity,1.0,0.2,0.25,1.0,0.0,0.0,0.0,0,0.0
sell_before,1.0,0.2,0.25,1.0,0.0,0.0,0.0,0,0.0
round_trip,1.0,0.2,0.25,1.0,0.0,0.0,0.0,0,0.0
no_trade,1.0,0.2,0.5,0.5,509.0,0.0,0.0,1,-0.0333377783704493
hold_to_maturity,1.0,0.2,0.5,0.5,0.0,0.0,0.0,0,0.0
sell_before,1.0,0.2,0.5,0.5,0.0,0.0,0.0,0,0.0
round_trip,1.0,0.2,0.5,0.5,0.0,0.0,0.0,0,0.0
no_trade,1.0,0.2,0.5,0.75,584.0,0.0,0.0,1,0.0
hold_to_maturity,1.0,0.2,0.5,0.75,0.0,0.0,0.0,0,0.0
sell_before,1.0,0.2,0.5,0.75,0.0,0.0,0.0,0,0.0
round_trip,1.0,0.2,0.5,0.75,0.0,0.0,0.0,0,0.0
no_trade,1.0,0.2,0.5,0.9,1000.0,0.0,0.0,1,0.0
hold_to_maturity,1.0,0.2,0.5,0.9,500.0,0.0,0.0,1,0.0
sell_before,1.0,0.2,0.5,0.9,0.0,0.0,0.0,0,0.0
round_trip,1.0,0.2,0.5,0.9,0.0,0.0,0.0,0,0.0
no_trade,1.0,0.2,0.5,1.0,2109.0,0.0,0.0,1,0.0
hold_to_maturity,1.0,0.2,0.5,1.0,521.0,0.0,0.0,1,0.0
sell_before,1.0,0.2,0.5,1.0,0.0,0.0,0.0,0,0.0
round_trip,1.0,0.2,0.5,1.0,0.0,0.0,0.0,0,0.0
no_trade,1.0,0.2,0.75,0.5,1540.0,0.0,0.0,1,0.0
hold_to_maturity,1.0,0.2,0.75,0.5,0.0,0.0,0.0,0,0.0
sell_before,1.0,0.2,0.75,0.5,0.0,0.0,0.0,0,0.0
round_trip,1.0,0.2,0.75,0.5,0.0,0.0,0.0,0,0.0
no_trade,1.0,0.2,0.75,0.75,0.0,0.0,0.0,0,0.0
hold_to_maturity,1.0,0.2,0.75,0.75,500.0,0.0,0.0,1,0.0
sell_before,1.0,0.2,0.75,0.75,0.0,0.0,0.0,0,0.0
round_trip,1.0,0.2,0.75,0.75,0.0,0.0,0.0,0,0.0
no_trade,1.0,0.2,0.75,0.9,512.0,0.0,0.0,1,0.0
hold_to_maturity,1.0,0.2,0.75,0.9,0.0,0.0,0.0,0,0.0
sell_before,1.0,0.2,0.75,0.9,0.0,0.0,0.0,0,0.0
round_trip,1.0,0.2,0.75,0.9,0.0,0.0,0.0,0,0.0
no_trade,1.0,0.2,1.0,0.9,561.0,0.0,0.0,1,0.0
hold_to_maturity,1.0,0.2,1.0,0.9,620.0,0.0,0.0,1,0.0
sell_before,1.0,0.2,1.0,0.9,0.0,0.0,0.0,0,0.0
round_trip,1.0,0.2,1.0,0.9,0.0,0.0,0.0,0,0.0
no_trade,1.0,0.5,0.0,0.5,1644.0,0.0,0.0,1,-0.0269387210775488
hold_to_maturity,1.0,0.5,0.0,0.5,0.0,0.0,0.0,0,0.0
sell_before,1.0,0.5,0.0,0.5,0.0,0.0,0.0,0,0.0
round_trip,1.0,0.5,0.0,0.5,0.0,0.0,0.0,0,0.0
no_trade,1.0,0.5,0.0,0.8,1220.0,0.0,0.0,1,0.0
hold_to_maturity,1.0,0.5,0.0,0.8,0.0,0.0,0.0,0,0.0
sell_before,1.0,0.5,0.0,0.8,0.0,0.0,0.0,0,0.0
round_trip,1.0,0.5,0.0,0.8,0.0,0.0,0.0,0,0.0
no_trade,1.0,0.5,0.0,1.0,291.0,0.0,0.0,1,0.0
hold_to_maturity,1.0,0.5,0.0,1.0,0.0,0.0,0.0,0,0.0
sell_before,1.0,0.5,0.0,1.0,2394.0,0.0,0.0,1,0.0
round_trip,1.0,0.5,0.0,1.0,0.0,0.0,0.0,0,0.0
no_trade,1.0,0.5,0.25,0.5,0.0,0.0,0.0,0,0.0
hold_to_maturity,1.0,0.5,0.25,0.5,0.0,0.0,0.0,0,0.0
sell_before,1.0,0.5,0.25,0.5,4052.0,0.0,0.0,1,0.2702053881034942
round_trip,1.0,0.5,0.25,0.5,0.0,0.0,0.0,0,0.0
no_trade,1.0,0.5,0.25,0.75,2113.0,0.0,0.0,1,0.0
hold_to_maturity,1.0,0.5,0.25,0.75,0.0,0.0,0.0,0,0.0
sell_before,1.0,0.5,0.25,0.75,0.0,0.0,0.0,0,0.0
round_trip,1.0,0.5,0.25,0.75,0.0,0.0,0.0,0,0.0
no_trade,1.0,0.5,0.25,0.8,567.0,0.0,0.0,1,-0.1302840378717162
hold_to_maturity,1.0,0.5,0.25,0.8,0.0,0.0,0.0,0,0.0
sell_before,1.0,0.5,0.25,0.8,0.0,0.0,0.0,0,0.0
round_trip,1.0,0.5,0.25,0.8,0.0,0.0,0.0,0,0.0
no_trade,1.0,0.5,0.25,0.9,0.0,0.0,0.0,0,0.0
hold_to_maturity,1.0,0.5,0.25,0.9,0.0,0.0,0.0,0,0.0
sell_before,1.0,0.5,0.25,0.9,3415.0,0.0,0.0,1,0.2277122091084883
round_trip,1.0,0.5,0.25,0.9,0.0,0.0,0.0,0,0.0
no_trade,1.0,0.5,0.5,0.5,0.0,0.0,0.0,0,0.0
hold_to_maturity,1.0,0.5,0.5,0.5,0.0,0.0,0.0,0,0.0
sell_before,1.0,0.5,0.5,0.5,5091.0,0.0,0.0,1,0.3394226281752116
round_trip,1.0,0.5,0.5,0.5,0.0,0.0,0.0,0,0.0
no_trade,1.0,0.5,0.5,0.9,2029.0,0.0,0.0,1,0.0
hold_to_maturity,1.0,0.5,0.5,0.9,555.0,0.0,0.0,1,0.0
sell_before,1.0,0.5,0.5,0.9,0.0,0.0,0.0,0,0.0
round_trip,1.0,0.5,0.5,0.9,0.0,0.0,0.0,0,0.0
no_trade,1.0,0.5,0.5,1.0,844.0,0.0,0.0,1,0.0
hold_to_maturity,1.0,0.5,0.5,1.0,0.0,0.0,0.0,0,0.0
sell_before,1.0,0.5,0.5,1.0,0.0,0.0,0.0,0,0.0
round_trip,1.0,0.5,0.5,1.0,0.0,0.0,0.0,0,0.0
no_trade,1.0,0.5,0.75,0.75,0.0,0.0,0.0,0,0.0
hold_to_maturity,1.0,0.5,0.75,0.75,0.0,0.0,0.0,0,0.0
sell_before,1.0,0.5,0.75,0.75,2899.0,0.0,0.0,1,0.0333400013336
round_trip,1.0,0.5,0.75,0.75,0.0,0.0,0.0,0,0.0
no_trade,1.0,0.5,0.75,0.8,1069.0,0.0,0.0,1,0.0
hold_to_maturity,1.0,0.5,0.75,0.8,696.0,0.0,0.0,1,0.0
sell_before,1.0,0.5,0.75,0.8,0.0,0.0,0.0,0,0.0
round_trip,1.0,0.5,0.75,0.8,0.0,0.0,0.0,0,0.0
no_trade,1.0,0.5,0.75,0.9,0.0,0.0,0.0,0,0.0
hold_to_maturity,1.0,0.5,0.75,0.9,0.0,0.0,0.0,0,0.0
sell_before,1.0,0.5,0.75,0.9,3660.0,0.0,0.0,1,0.2440650840224059
round_trip,1.0,0.5,0.75,0.9,0.0,0.0,0.0,0,0.0
no_trade,1.0,0.5,1.0,0.8,4998.0,0.0,0.0,1,0.0
hold_to_maturity,1.0,0.5,1.0,0.8,0.0,0.0,0.0,0,0.0
sell_before,1.0,0.5,1.0,0.8,0.0,0.0,0.0,0,0.0
round_trip,1.0,0.5,1.0,0.8,0.0,0.0,0.0,0,0.0
no_trade,1.0,0.5,1.0,0.9,509.0,0.0,0.0,1,-0.1754233897853047
hold_to_maturity,1.0,0.5,1.0,0.9,0.0,0.0,0.0,0,0.0
sell_before,1.0,0.5,1.0,0.9,0.0,0.0,0.0,0,0.0
round_trip,1.0,0.5,1.0,0.9,0.0,0.0,0.0,0,0.0
no_trade,1.0,0.5,1.0,1.0,0.0,0.0,0.0,0,0.0
hold_to_maturity,1.0,0.5,1.0,1.0,0.0,0.0,0.0,0,0.0
sell_before,1.0,0.5,1.0,1.0,4452.0,0.0,0.0,1,0.2968593718743748
round_trip,1.0,0.5,1.0,1.0,0.0,0.0,0.0,0,0.0
no_trade,1.0,1.0,0.0,0.5,1690.0,0.0,0.0,1,-0.0895512435820497
hold_to_maturity,1.0,1.0,0.0,0.5,0.0,0.0,0.0,0,0.0
sell_before,1.0,1.0,0.0,0.5,0.0,0.0,0.0,0,0.0
round_trip,1.0,1.0,0.0,0.5,0.0,0.0,0.0,0,0.0
no_trade,1.0,1.0,0.0,0.75,0.0,0.0,0.0,0,0.0
hold_to_maturity,1.0,1.0,0.0,0.75,0.0,0.0,0.0,0,0.0
sell_before,1.0,1.0,0.0,0.75,2572.0,0.0,0.0,1,0.1715009668600386
round_trip,1.0,1.0,0.0,0.75,0.0,0.0,0.0,0,0.0
no_trade,1.0,1.0,0.0,0.9,1240.0,0.0,0.0,1,0.0
hold_to_maturity,1.0,1.0,0.0,0.9,0.0,0.0,0.0,0,0.0
sell_before,1.0,1.0,0.0,0.9,0.0,0.0,0.0,0,0.0
round_trip,1.0,1.0,0.0,0.9,0.0,0.0,0.0,0,0.0
no_trade,1.0,1.0,0.0,1.0,575.0,0.0,0.0,1,0.0
hold_to_maturity,1.0,1.0,0.0,1.0,0.0,0.0,0.0,0,0.0
sell_before,1.0,1.0,0.0,1.0,0.0,0.0,0.0,0,0.0
round_trip,1.0,1.0,0.0,1.0,0.0,0.0,0.0,0,0.0
no_trade,1.0,1.0,0.25,0.75,0.0,0.0,0.0,0,0.0
hold_to_maturity,1.0,1.0,0.25,0.75,0.0,0.0,0.0,0,0.0
sell_before,1.0,1.0,0.25,0.75,4419.0,0.0,0.0,1,0.2946392852380317
round_trip,1.0,1.0,0.25,0.75,0.0,0.0,0.0,0,0.0
no_trade,1.0,1.0,0.25,0.8,2301.0,0.0,0.0,1,0.0
hold_to_maturity,1.0,1.0,0.25,0.8,0.0,0.0,0.0,0,0.0
sell_before,1.0,1.0,0.25,0.8,0.0,0.0,0.0,0,0.0
round_trip,1.0,1.0,0.25,0.8,0.0,0.0,0.0,0,0.0
no_trade,1.0,1.0,0.25,0.9,0.0,0.0,0.0,0,0.0
hold_to_maturity,1.0,1.0,0.25,0.9,0.0,0.0,0.0,0,0.0
sell_before,1.0,1.0,0.25,0.9,3567.0,0.0,0.0,1,0.2378475695139027
round_trip,1.0,1.0,0.25,0.9,0.0,0.0,0.0,0,0.0
no_trade,1.0,1.0,0.25,1.0,1541.0,0.0,0.0,1,-0.4233897853047072
hold_to_maturity,1.0,1.0,0.25,1.0,0.0,0.0,0.0,0,0.0
sell_before,1.0,1.0,0.25,1.0,0.0,0.0,0.0,0,0.0
round_trip,1.0,1.0,0.25,1.0,0.0,0.0,0.0,0,0.0
no_trade,1.0,1.0,0.5,0.75,0.0,0.0,0.0,0,0.0
hold_to_maturity,1.0,1.0,0.5,0.75,0.0,0.0,0.0,0,0.0
sell_before,1.0,1.0,0.5,0.75,4168.0,0.0,0.0,1,0.2779037204960661
round_trip,1.0,1.0,0.5,0.75,0.0,0.0,0.0,0,0.0
no_trade,1.0,1.0,0.5,0.8,891.0,0.0,0.0,1,0.0
hold_to_maturity,1.0,1.0,0.5,0.8,0.0,0.0,0.0,0,0.0
sell_before,1.0,1.0,0.5,0.8,0.0,0.0,0.0,0,0.0
round_trip,1.0,1.0,0.5,0.8,0.0,0.0,0.0,0,0.0
no_trade,1.0,1.0,0.5,0.9,1125.0,0.0,0.0,1,0.0
hold_to_maturity,1.0,1.0,0.5,0.9,0.0,0.0,0.0,0,0.0
sell_before,1.0,1.0,0.5,0.9,0.0,0.0,0.0,0,0.0
round_trip,1.0,1.0,0.5,0.9,0.0,0.0,0.0,0,0.0
no_trade,1.0,1.0,0.5,1.0,0.0,0.0,0.0,0,0.0
hold_to_maturity,1.0,1.0,0.5,1.0,0.0,0.0,0.0,0,0.0
sell_before,1.0,1.0,0.5,1.0,4043.0,0.0,0.0,1,0.269551303420228
round_trip,1.0,1.0,0.5,1.0,0.0,0.0,0.0,0,0.0
no_trade,1.0,1.0,0.75,0.9,1114.0,0.0,0.0,1,-0.2933920117356804
hold_to_maturity,1.0,1.0,0.75,0.9,0.0,0.0,0.0,0,0.0
sell_before,1.0,1.0,0.75,0.9,0.0,0.0,0.0,0,0.0
round_trip,1.0,1.0,0.75,0.9,0.0,0.0,0.0,0,0.0
no_trade,1.0,1.0,0.75,1.0,1215.0,0.0,0.0,1,-0.0748816429952657
hold_to_maturity,1.0,1.0,0.75,1.0,0.0,0.0,0.0,0,0.0
sell_before,1.0,1.0,0.75,1.0,0.0,0.0,0.0,0,0.0
round_trip,1.0,1.0,0.75,1.0,0.0,0.0,0.0,0,0.0
no_trade,1.0,1.0,1.0,0.5,695.0,0.0,0.0,1,0.0
hold_to_maturity,1.0,1.0,1.0,0.5,0.0,0.0,0.0,0,0.0
sell_before,1.0,1.0,1.0,0.5,0.0,0.0,0.0,0,0.0
round_trip,1.0,1.0,1.0,0.5,0.0,0.0,0.0,0,0.0
no_trade,1.0,1.0,1.0,0.75,0.0,0.0,0.0,0,0.0
hold_to_maturity,1.0,1.0,1.0,0.75,0.0,0.0,0.0,0,0.0
sell_before,1.0,1.0,1.0,0.75,2787.0,0.0,0.0,1,0.0333400013336
round_trip,1.0,1.0,1.0,0.75,0.0,0.0,0.0,0,0.0
no_trade,1.0,1.0,1.0,0.8,0.0,0.0,0.0,0,0.0
hold_to_maturity,1.0,1.0,1.0,0.8,0.0,0.0,0.0,0,0.0
sell_before,1.0,1.0,1.0,0.8,3032.0,0.0,0.0,1,0.2021737680869507
round_trip,1.0,1.0,1.0,0.8,0.0,0.0,0.0,0,0.0
no_trade,1.0,1.0,1.0,0.9,0.0,0.0,0.0,0,0.0
hold_to_maturity,1.0,1.0,1.0,0.9,0.0,0.0,0.0,0,0.0
sell_before,1.0,1.0,1.0,0.9,3182.0,0.0,0.0,1,0.2121757684870307
round_trip,1.0,1.0,1.0,0.9,0.0,0.0,0.0,0,0.0
no_trade,1.0,1.0,1.0,1.0,0.0,0.0,0.0,0,0.0
hold_to_maturity,1.0,1.0,1.0,1.0,0.0,0.0,0.0,0,0.0
sell_before,1.0,1.0,1.0,1.0,4053.0,0.0,0.0,1,0.270254050810162
round_trip,1.0,1.0,1.0,1.0,0.0,0.0,0.0,0,0.0
no_trade,1.0,2.0,0.0,0.75,1947.0,0.0,0.0,1,1.0
hold_to_maturity,1.0,2.0,0.0,0.75,0.0,0.0,0.0,0,0.0
sell_before,1.0,2.0,0.0,0.75,13051.0,0.0,0.0,1,1.0
round_trip,1.0,2.0,0.0,0.75,0.0,0.0,0.0,0,0.0
no_trade,1.0,2.0,0.0,0.8,1545.0,0.0,0.0,1,0.0
hold_to_maturity,1.0,2.0,0.0,0.8,0.0,0.0,0.0,0,0.0
sell_before,1.0,2.0,0.0,0.8,13453.0,0.0,0.0,1,0.0
round_trip,1.0,2.0,0.0,0.8,0.0,0.0,0.0,0,0.0
no_trade,1.0,2.0,0.0,0.9,1536.0,0.0,0.0,1,-0.0666800026672001
hold_to_maturity,1.0,2.0,0.0,0.9,0.0,0.0,0.0,0,0.0
sell_before,1.0,2.0,0.0,0.9,12461.0,0.0,0.0,1,-0.0666800026672001
round_trip,1.0,2.0,0.0,0.9,0.0,0.0,0.0,0,0.0
no_trade,1.0,2.0,0.0,1.0,1314.0,0.0,0.0,1,0.0
hold_to_maturity,1.0,2.0,0.0,1.0,869.0,0.0,0.0,1,0.0
sell_before,1.0,2.0,0.0,1.0,2405.0,0.0,0.0,1,0.0
round_trip,1.0,2.0,0.0,1.0,0.0,0.0,0.0,0,0.0
no_trade,1.0,2.0,0.25,0.5,0.0,0.0,0.0,0,0.0
hold_to_maturity,1.0,2.0,0.25,0.5,0.0,0.0,0.0,0,0.0
sell_before,1.0,2.0,0.25,0.5,2710.0,0.0,0.0,1,0.1807028072281122
round_trip,1.0,2.0,0.25,0.5,0.0,0.0,0.0,0,0.0
no_trade,1.0,2.0,0.25,0.75,0.0,0.0,0.0,0,0.0
hold_to_maturity,1.0,2.0,0.25,0.75,0.0,0.0,0.0,0,0.0
sell_before,1.0,2.0,0.25,0.75,2682.0,0.0,0.0,1,0.0333377783704493
round_trip,1.0,2.0,0.25,0.75,0.0,0.0,0.0,0,0.0
no_trade,1.0,2.0,0.25,0.8,0.0,0.0,0.0,0,0.0
hold_to_maturity,1.0,2.0,0.25,0.8,0.0,0.0,0.0,0,0.0
sell_before,1.0,2.0,0.25,0.8,2904.0,0.0,0.0,1,0.0333400013336
round_trip,1.0,2.0,0.25,0.8,0.0,0.0,0.0,0,0.0
no_trade,1.0,2.0,0.25,0.9,0.0,0.0,0.0,0,0.0
hold_to_maturity,1.0,2.0,0.25,0.9,0.0,0.0,0.0,0,0.0
sell_before,1.0,2.0,0.25,0.9,2944.0,0.0,0.0,1,0.0333400013336
round_trip,1.0,2.0,0.25,0.9,0.0,0.0,0.0,0,0.0
no_trade,1.0,2.0,0.25,1.0,0.0,0.0,0.0,0,0.0
hold_to_maturity,1.0,2.0,0.25,1.0,0.0,0.0,0.0,0,0.0
sell_before,1.0,2.0,0.25,1.0,4015.0,0.0,0.0,1,0.2677202107088084
round_trip,1.0,2.0,0.25,1.0,0.0,0.0,0.0,0,0.0
no_trade,1.0,2.0,0.5,0.75,1421.0,0.0,0.0,1,0.0
hold_to_maturity,1.0,2.0,0.5,0.75,0.0,0.0,0.0,0,0.0
sell_before,1.0,2.0,0.5,0.75,0.0,0.0,0.0,0,0.0
round_trip,1.0,2.0,0.5,0.75,0.0,0.0,0.0,0,0.0
no_trade,1.0,2.0,0.5,1.0,0.0,0.0,0.0,0,0.0
hold_to_maturity,1.0,2.0,0.5,1.0,0.0,0.0,0.0,0,0.0
sell_before,1.0,2.0,0.5,1.0,2822.0,0.0,0.0,1,0.0333377783704493
round_trip,1.0,2.0,0.5,1.0,0.0,0.0,0.0,0,0.0
no_trade,1.0,2.0,0.75,0.5,1737.0,0.0,0.0,1,0.0
hold_to_maturity,1.0,2.0,0.75,0.5,0.0,0.0,0.0,0,0.0
sell_before,1.0,2.0,0.75,0.5,0.0,0.0,0.0,0,0.0
round_trip,1.0,2.0,0.75,0.5,0.0,0.0,0.0,0,0.0
no_trade,1.0,2.0,0.75,0.75,0.0,0.0,0.0,0,0.0
hold_to_maturity,1.0,2.0,0.75,0.75,0.0,0.0,0.0,0,0.0
sell_before,1.0,2.0,0.75,0.75,2578.0,0.0,0.0,1,0.0333400013336
round_trip,1.0,2.0,0.75,0.75,0.0,0.0,0.0,0,0.0
no_trade,1.0,2.0,0.75,0.8,1808.0,0.0,0.0,1,-0.2967926918717076
hold_to_maturity,1.0,2.0,0.75,0.8,0.0,0.0,0.0,0,0.0
sell_before,1.0,2.0,0.75,0.8,0.0,0.0,0.0,0,0.0
round_trip,1.0,2.0,0.75,0.8,0.0,0.0,0.0,0,0.0
no_trade,1.0,2.0,0.75,0.9,891.0,0.0,0.0,1,0.0
hold_to_maturity,1.0,2.0,0.75,0.9,0.0,0.0,0.0,0,0.0
sell_before,1.0,2.0,0.75,0.9,0.0,0.0,0.0,0,0.0
round_trip,1.0,2.0,0.75,0.9,0.0,0.0,0.0,0,0.0
no_trade,1.0,2.0,0.75,1.0,0.0,0.0,0.0,0,0.0
hold_to_maturity,1.0,2.0,0.75,1.0,0.0,0.0,0.0,0,0.0
sell_before,1.0,2.0,0.75,1.0,3622.0,0.0,0.0,1,0.2415149696605987
round_trip,1.0,2.0,0.75,1.0,0.0,0.0,0.0,0,0.0
no_trade,1.0,2.0,1.0,0.5,0.0,0.0,0.0,0,0.0
hold_to_maturity,1.0,2.0,1.0,0.5,0.0,0.0,0.0,0,0.0
sell_before,1.0,2.0,1.0,0.5,3768.0,0.0,0.0,1,0.25125025005001
round_trip,1.0,2.0,1.0,0.5,0.0,0.0,0.0,0,0.0
no_trade,1.0,2.0,1.0,0.75,0.0,0.0,0.0,0,0.0
hold_to_maturity,1.0,2.0,1.0,0.75,0.0,0.0,0.0,0,0.0
sell_before,1.0,2.0,1.0,0.75,2750.0,0.0,0.0,1,0.0333377783704493
round_trip,1.0,2.0,1.0,0.75,0.0,0.0,0.0,0,0.0
no_trade,1.0,2.0,1.0,0.8,0.0,0.0,0.0,0,0.0
hold_to_maturity,1.0,2.0,1.0,0.8,0.0,0.0,0.0,0,0.0
sell_before,1.0,2.0,1.0,0.8,5111.0,0.0,0.0,1,0.3407787705027336
round_trip,1.0,2.0,1.0,0.8,0.0,0.0,0.0,0,0.0
no_trade,1.0,2.0,1.0,0.9,0.0,0.0,0.0,0,0.0
hold_to_maturity,1.0,2.0,1.0,0.9,0.0,0.0,0.0,0,0.0
sell_before,1.0,2.0,1.0,0.9,3400.0,0.0,0.0,1,0.2267120090684803
round_trip,1.0,2.0,1.0,0.9,0.0,0.0,0.0,0,0.0
no_trade,1.0,2.0,1.0,1.0,1665.0,0.0,0.0,1,-0.1528972461158898
hold_to_maturity,1.0,2.0,1.0,1.0,0.0,0.0,0.0,0,0.0
sell_before,1.0,2.0,1.0,1.0,0.0,0.0,0.0,0,0.0
round_trip,1.0,2.0,1.0,1.0,0.0,0.0,0.0,0,0.0
no_trade,1.0,5.0,0.0,0.5,0.0,0.0,0.0,0,0.0
hold_to_maturity,1.0,5.0,0.0,0.5,1643.0,0.0,0.0,1,1.0
sell_before,1.0,5.0,0.0,0.5,13355.0,0.0,0.0,1,1.0
round_trip,1.0,5.0,0.0,0.5,0.0,0.0,0.0,0,0.0
no_trade,1.0,5.0,0.0,0.75,1945.0,0.0,0.0,1,1.0
hold_to_maturity,1.0,5.0,0.0,0.75,0.0,0.0,0.0,0,0.0
sell_before,1.0,5.0,0.0,0.75,13052.0,0.0,0.0,1,1.0
round_trip,1.0,5.0,0.0,0.75,0.0,0.0,0.0,0,0.0
no_trade,1.0,5.0,0.0,0.8,4424.0,0.0,0.0,1,1.0
hold_to_maturity,1.0,5.0,0.0,0.8,0.0,0.0,0.0,0,0.0
sell_before,1.0,5.0,0.0,0.8,10573.0,0.0,0.0,1,1.0
round_trip,1.0,5.0,0.0,0.8,0.0,0.0,0.0,0,0.0
no_trade,1.0,5.0,0.0,1.0,1254.0,0.0,0.0,1,-0.1000133351113481
hold_to_maturity,1.0,5.0,0.0,1.0,0.0,0.0,0.0,0,0.0
sell_before,1.0,5.0,0.0,1.0,12244.0,0.0,0.0,1,-0.1000133351113481
round_trip,1.0,5.0,0.0,1.0,0.0,0.0,0.0,0,0.0
no_trade,1.0,5.0,0.25,0.5,0.0,0.0,0.0,0,0.0
hold_to_maturity,1.0,5.0,0.25,0.5,0.0,0.0,0.0,0,0.0
sell_before,1.0,5.0,0.25,0.5,3388.0,0.0,0.0,1,0.225896786238165
round_trip,1.0,5.0,0.25,0.5,0.0,0.0,0.0,0,0.0
no_trade,1.0,5.0,0.25,0.8,0.0,0.0,0.0,0,0.0
hold_to_maturity,1.0,5.0,0.25,0.8,0.0,0.0,0.0,0,0.0
sell_before,1.0,5.0,0.25,0.8,3441.0,0.0,0.0,1,0.2294152943529568
round_trip,1.0,5.0,0.25,0.8,0.0,0.0,0.0,0,0.0
no_trade,1.0,5.0,0.25,0.9,2154.0,0.0,0.0,1,-0.8230312729212509
hold_to_maturity,1.0,5.0,0.25,0.9,0.0,0.0,0.0,0,0.0
sell_before,1.0,5.0,0.25,0.9,0.0,0.0,0.0,0,0.0
round_trip,1.0,5.0,0.25,0.9,0.0,0.0,0.0,0,0.0
no_trade,1.0,5.0,0.25,1.0,0.0,0.0,0.0,0,0.0
hold_to_maturity,1.0,5.0,0.25,1.0,0.0,0.0,0.0,0,0.0
sell_before,1.0,5.0,0.25,1.0,2626.0,0.0,0.0,1,0.1750900120016002
round_trip,1.0,5.0,0.25,1.0,0.0,0.0,0.0,0,0.0
no_trade,1.0,5.0,0.5,0.75,0.0,0.0,0.0,0,0.0
hold_to_maturity,1.0,5.0,0.5,0.75,0.0,0.0,0.0,0,0.0
sell_before,1.0,5.0,0.5,0.75,3786.0,0.0,0.0,1,0.2524336578210428
round_trip,1.0,5.0,0.5,0.75,0.0,0.0,0.0,0,0.0
no_trade,1.0,5.0,0.5,0.8,1778.0,0.0,0.0,1,0.0
hold_to_maturity,1.0,5.0,0.5,0.8,0.0,0.0,0.0,0,0.0
sell_before,1.0,5.0,0.5,0.8,0.0,0.0,0.0,0,0.0
round_trip,1.0,5.0,0.5,0.8,0.0,0.0,0.0,0,0.0
no_trade,1.0,5.0,0.5,0.9,0.0,0.0,0.0,0,0.0
hold_to_maturity,1.0,5.0,0.5,0.9,0.0,0.0,0.0,0,0.0
sell_before,1.0,5.0,0.5,0.9,3398.0,0.0,0.0,1,0.2265786490631459
round_trip,1.0,5.0,0.5,0.9,0.0,0.0,0.0,0,0.0
no_trade,1.0,5.0,0.5,1.0,0.0,0.0,0.0,0,0.0
hold_to_maturity,1.0,5.0,0.5,1.0,0.0,0.0,0.0,0,0.0
sell_before,1.0,5.0,0.5,1.0,3310.0,0.0,0.0,1,0.2206960928123749
round_trip,1.0,5.0,0.5,1.0,0.0,0.0,0.0,0,0.0
no_trade,1.0,5.0,0.75,0.75,0.0,0.0,0.0,0,0.0
hold_to_maturity,1.0,5.0,0.75,0.75,0.0,0.0,0.0,0,0.0
sell_before,1.0,5.0,0.75,0.75,4325.0,0.0,0.0,1,0.2883910115356404
round_trip,1.0,5.0,0.75,0.75,0.0,0.0,0.0,0,0.0
no_trade,1.0,5.0,0.75,0.8,0.0,0.0,0.0,0,0.0
hold_to_maturity,1.0,5.0,0.75,0.8,0.0,0.0,0.0,0,0.0
sell_before,1.0,5.0,0.75,0.8,4557.0,0.0,0.0,1,0.3038405120682757
round_trip,1.0,5.0,0.75,0.8,0.0,0.0,0.0,0,0.0
no_trade,1.0,5.0,0.75,0.9,0.0,0.0,0.0,0,0.0
hold_to_maturity,1.0,5.0,0.75,0.9,0.0,0.0,0.0,0,0.0
sell_before,1.0,5.0,0.75,0.9,2926.0,0.0,0.0,1,0.0333377783704493
round_trip,1.0,5.0,0.75,0.9,0.0,0.0,0.0,0,0.0
no_trade,1.0,5.0,1.0,0.75,0.0,0.0,0.0,0,0.0
hold_to_maturity,1.0,5.0,1.0,0.75,0.0,0.0,0.0,0,0.0
sell_before,1.0,5.0,1.0,0.75,4663.0,0.0,0.0,1,0.310908121082811
round_trip,1.0,5.0,1.0,0.75,0.0,0.0,0.0,0,0.0
no_trade,1.0,5.0,1.0,0.8,2413.0,0.0,0.0,1,-0.2768553710742148
hold_to_maturity,1.0,5.0,1.0,0.8,0.0,0.0,0.0,0,0.0
sell_before,1.0,5.0,1.0,0.8,0.0,0.0,0.0,0,0.0
round_trip,1.0,5.0,1.0,0.8,0.0,0.0,0.0,0,0.0
no_trade,1.0,5.0,1.0,0.9,2437.0,0.0,0.0,1,0.0
hold_to_maturity,1.0,5.0,1.0,0.9,0.0,0.0,0.0,0,0.0
sell_before,1.0,5.0,1.0,0.9,0.0,0.0,0.0,0,0.0
round_trip,1.0,5.0,1.0,0.9,0.0,0.0,0.0,0,0.0
no_trade,1.0,5.0,1.0,1.0,0.0,0.0,0.0,0,0.0
hold_to_maturity,1.0,5.0,1.0,1.0,0.0,0.0,0.0,0,0.0
sell_before,1.0,5.0,1.0,1.0,3196.0,0.0,0.0,1,0.2130950793439125
round_trip,1.0,5.0,1.0,1.0,0.0,0.0,0.0,0,0.0
no_trade,2.0,0.2,0.0,0.5,0.0,0.0,0.0,0,0.0
hold_to_maturity,2.0,0.2,0.0,0.5,0.0,0.0,0.0,0,0.0
sell_before,2.0,0.2,0.0,0.5,4102.0,0.0,0.0,1,0.2734848989932662
round_trip,2.0,0.2,0.0,0.5,0.0,0.0,0.0,0,0.0
no_trade,2.0,0.2,0.0,0.75,0.0,0.0,0.0,1,0.0
hold_to_maturity,2.0,0.2,0.0,0.75,0.0,0.0,0.0,0,0.0
sell_before,2.0,0.2,0.0,0.75,0.0,0.0,0.0,0,0.0
round_trip,2.0,0.2,0.0,0.75,0.0,0.0,0.0,0,0.0
no_trade,2.0,0.2,0.0,0.8,0.0,0.0,0.0,1,0.0
hold_to_maturity,2.0,0.2,0.0,0.8,0.0,0.0,0.0,0,0.0
sell_before,2.0,0.2,0.0,0.8,0.0,0.0,0.0,0,0.0
round_trip,2.0,0.2,0.0,0.8,0.0,0.0,0.0,0,0.0
no_trade,2.0,0.2,0.0,0.9,45.0,0.0,0.0,1,0.0
hold_to_maturity,2.0,0.2,0.0,0.9,0.0,0.0,0.0,0,0.0
sell_before,2.0,0.2,0.0,0.9,0.0,0.0,0.0,0,0.0
round_trip,2.0,0.2,0.0,0.9,0.0,0.0,0.0,0,0.0
no_trade,2.0,0.2,0.0,1.0,146.0,0.0,0.0,1,0.0
hold_to_maturity,2.0,0.2,0.0,1.0,0.0,0.0,0.0,0,0.0
sell_before,2.0,0.2,0.0,1.0,0.0,0.0,0.0,0,0.0
round_trip,2.0,0.2,0.0,1.0,0.0,0.0,0.0,0,0.0
no_trade,2.0,0.2,0.25,0.5,1133.0,0.0,0.0,1,0.0
hold_to_maturity,2.0,0.2,0.25,0.5,501.0,0.0,0.0,1,0.0
sell_before,2.0,0.2,0.25,0.5,0.0,0.0,0.0,0,0.0
round_trip,2.0,0.2,0.25,0.5,0.0,0.0,0.0,0,0.0
no_trade,2.0,0.2,0.25,0.75,509.0,0.0,0.0,1,-0.2125616748899853
hold_to_maturity,2.0,0.2,0.25,0.75,0.0,0.0,0.0,0,0.0
sell_before,2.0,0.2,0.25,0.75,0.0,0.0,0.0,0,0.0
round_trip,2.0,0.2,0.25,0.75,0.0,0.0,0.0,0,0.0
no_trade,2.0,0.2,0.25,0.8,500.0,0.0,0.0,1,-0.0586039069271284
hold_to_maturity,2.0,0.2,0.25,0.8,0.0,0.0,0.0,0,0.0
sell_before,2.0,0.2,0.25,0.8,0.0,0.0,0.0,0,0.0
round_trip,2.0,0.2,0.25,0.8,0.0,0.0,0.0,0,0.0
no_trade,2.0,0.2,0.25,0.9,1638.0,0.0,0.0,1,0.0
hold_to_maturity,2.0,0.2,0.25,0.9,522.0,0.0,0.0,1,0.0
sell_before,2.0,0.2,0.25,0.9,0.0,0.0,0.0,0,0.0
round_trip,2.0,0.2,0.25,0.9,0.0,0.0,0.0,0,0.0
no_trade,2.0,0.2,0.25,1.0,500.0,0.0,0.0,1,0.0
hold_to_maturity,2.0,0.2,0.25,1.0,0.0,0.0,0.0,0,0.0
sell_before,2.0,0.2,0.25,1.0,0.0,0.0,0.0,0,0.0
round_trip,2.0,0.2,0.25,1.0,0.0,0.0,0.0,0,0.0
no_trade,2.0,0.2,0.5,0.75,500.0,0.0,0.0,1,0.0
hold_to_maturity,2.0,0.2,0.5,0.75,0.0,0.0,0.0,0,0.0
sell_before,2.0,0.2,0.5,0.75,0.0,0.0,0.0,0,0.0
round_trip,2.0,0.2,0.5,0.75,0.0,0.0,0.0,0,0.0
no_trade,2.0,0.2,0.5,0.9,0.0,0.0,0.0,0,0.0
hold_to_maturity,2.0,0.2,0.5,0.9,0.0,0.0,0.0,0,0.0
sell_before,2.0,0.2,0.5,0.9,1731.0,0.0,0.0,1,0.0333377783704493
round_trip,2.0,0.2,0.5,0.9,0.0,0.0,0.0,0,0.0
no_trade,2.0,0.2,0.5,1.0,0.0,0.0,0.0,0,0.0
hold_to_maturity,2.0,0.2,0.5,1.0,0.0,0.0,0.0,0,0.0
sell_before,2.0,0.2,0.5,1.0,1695.0,0.0,0.0,1,0.0333400013336
round_trip,2.0,0.2,0.5,1.0,0.0,0.0,0.0,0,0.0
no_trade,2.0,0.2,0.75,0.75,508.0,0.0,0.0,1,-0.033673401346936
hold_to_maturity,2.0,0.2,0.75,0.75,0.0,0.0,0.0,0,0.0
sell_before,2.0,0.2,0.75,0.75,0.0,0.0,0.0,0,0.0
round_trip,2.0,0.2,0.75,0.75,0.0,0.0,0.0,0,0.0
no_trade,2.0,0.2,0.75,0.9,950.0,0.0,0.0,1,-0.0833500033340001
hold_to_maturity,2.0,0.2,0.75,0.9,0.0,0.0,0.0,0,0.0
sell_before,2.0,0.2,0.75,0.9,0.0,0.0,0.0,0,0.0
round_trip,2.0,0.2,0.75,0.9,0.0,0.0,0.0,0,0.0
no_trade,2.0,0.2,1.0,0.5,0.0,0.0,0.0,0,0.0
hold_to_maturity,2.0,0.2,1.0,0.5,70.0,0.0,0.0,1,-0.0690758767835711
sell_before,2.0,0.2,1.0,0.5,0.0,0.0,0.0,0,0.0
round_trip,2.0,0.2,1.0,0.5,0.0,0.0,0.0,0,0.0
no_trade,2.0,0.2,1.0,0.75,500.0,0.0,0.0,1,0.0
hold_to_maturity,2.0,0.2,1.0,0.75,0.0,0.0,0.0,0,0.0
sell_before,2.0,0.2,1.0,0.75,0.0,0.0,0.0,0,0.0
round_trip,2.0,0.2,1.0,0.75,0.0,0.0,0.0,0,0.0
no_trade,2.0,0.2,1.0,0.9,0.0,0.0,0.0,0,0.0
hold_to_maturity,2.0,0.2,1.0,0.9,0.0,0.0,0.0,0,0.0
sell_before,2.0,0.2,1.0,0.9,1444.0,0.0,0.0,1,0.0333377783704493
round_trip,2.0,0.2,1.0,0.9,0.0,0.0,0.0,0,0.0
no_trade,2.0,0.5,0.0,0.5,671.0,0.0,0.0,1,0.0
hold_to_maturity,2.0,0.5,0.0,0.5,0.0,0.0,0.0,0,0.0
sell_before,2.0,0.5,0.0,0.5,0.0,0.0,0.0,0,0.0
round_trip,2.0,0.5,0.0,0.5,0.0,0.0,0.0,0,0.0
no_trade,2.0,0.5,0.0,0.9,0.0,0.0,0.0,0,0.0
hold_to_maturity,2.0,0.5,0.0,0.9,0.0,0.0,0.0,0,0.0
sell_before,2.0,0.5,0.0,0.9,2081.0,0.0,0.0,1,0.1387610855504434
round_trip,2.0,0.5,0.0,0.9,0.0,0.0,0.0,0,0.0
no_trade,2.0,0.5,0.25,0.5,525.0,0.0,0.0,1,-0.0342712361648219
hold_to_maturity,2.0,0.5,0.25,0.5,0.0,0.0,0.0,0,0.0
sell_before,2.0,0.5,0.25,0.5,0.0,0.0,0.0,0,0.0
round_trip,2.0,0.5,0.25,0.5,0.0,0.0,0.0,0,0.0
no_trade,2.0,0.5,0.25,0.75,803.0,0.0,0.0,1,-0.0811441525536738
hold_to_maturity,2.0,0.5,0.25,0.75,0.0,0.0,0.0,0,0.0
sell_before,2.0,0.5,0.25,0.75,0.0,0.0,0.0,0,0.0
round_trip,2.0,0.5,0.25,0.75,0.0,0.0,0.0,0,0.0
no_trade,2.0,0.5,0.25,1.0,0.0,0.0,0.0,0,0.0
hold_to_maturity,2.0,0.5,0.25,1.0,0.0,0.0,0.0,0,0.0
sell_before,2.0,0.5,0.25,1.0,925.0,0.0,0.0,1,0.0
round_trip,2.0,0.5,0.25,1.0,0.0,0.0,0.0,0,0.0
no_trade,2.0,0.5,0.5,0.9,0.0,0.0,0.0,0,0.0
hold_to_maturity,2.0,0.5,0.5,0.9,0.0,0.0,0.0,0,0.0
sell_before,2.0,0.5,0.5,0.9,1813.0,0.0,0.0,1,0.1208908448356337
round_trip,2.0,0.5,0.5,0.9,0.0,0.0,0.0,0,0.0
no_trade,2.0,0.5,0.5,1.0,1576.0,0.0,0.0,1,0.0
hold_to_maturity,2.0,0.5,0.5,1.0,0.0,0.0,0.0,0,0.0
sell_before,2.0,0.5,0.5,1.0,0.0,0.0,0.0,0,0.0
round_trip,2.0,0.5,0.5,1.0,0.0,0.0,0.0,0,0.0
no_trade,2.0,0.5,0.75,0.8,1002.0,0.0,0.0,1,-0.0958858438354337
hold_to_maturity,2.0,0.5,0.75,0.8,0.0,0.0,0.0,0,0.0
sell_before,2.0,0.5,0.75,0.8,0.0,0.0,0.0,0,0.0
round_trip,2.0,0.5,0.75,0.8,0.0,0.0,0.0,0,0.0
no_trade,2.0,0.5,0.75,0.9,515.0,0.0,0.0,1,0.0
hold_to_maturity,2.0,0.5,0.75,0.9,0.0,0.0,0.0,0,0.0
sell_before,2.0,0.5,0.75,0.9,0.0,0.0,0.0,0,0.0
round_trip,2.0,0.5,0.75,0.9,0.0,0.0,0.0,0,0.0
no_trade,2.0,0.5,0.75,1.0,0.0,0.0,0.0,0,0.0
hold_to_maturity,2.0,0.5,0.75,1.0,0.0,0.0,0.0,0,0.0
sell_before,2.0,0.5,0.75,1.0,4129.0,0.0,0.0,1,0.275303373783171
round_trip,2.0,0.5,0.75,1.0,0.0,0.0,0.0,0,0.0
no_trade,2.0,0.5,1.0,0.5,508.0,0.0,0.0,1,0.0
hold_to_maturity,2.0,0.5,1.0,0.5,0.0,0.0,0.0,0,0.0
sell_before,2.0,0.5,1.0,0.5,0.0,0.0,0.0,0,0.0
round_trip,2.0,0.5,1.0,0.5,0.0,0.0,0.0,0,0.0
no_trade,2.0,0.5,1.0,0.75,1113.0,0.0,0.0,1,-0.1044875641795025
hold_to_maturity,2.0,0.5,1.0,0.75,0.0,0.0,0.0,0,0.0
sell_before,2.0,0.5,1.0,0.75,0.0,0.0,0.0,0,0.0
round_trip,2.0,0.5,1.0,0.75,0.0,0.0,0.0,0,0.0
no_trade,2.0,0.5,1.0,0.9,0.0,0.0,0.0,0,0.0
hold_to_maturity,2.0,0.5,1.0,0.9,0.0,0.0,0.0,0,0.0
sell_before,2.0,0.5,1.0,0.9,2426.0,0.0,0.0,1,0.1617549006534204
round_trip,2.0,0.5,1.0,0.9,0.0,0.0,0.0,0,0.0
no_trade,2.0,0.5,1.0,1.0,0.0,0.0,0.0,0,0.0
hold_to_maturity,2.0,0.5,1.0,1.0,0.0,0.0,0.0,0,0.0
sell_before,2.0,0.5,1.0,1.0,2714.0,0.0,0.0,1,0.1809574609947993
round_trip,2.0,0.5,1.0,1.0,0.0,0.0,0.0,0,0.0
no_trade,2.0,1.0,0.0,0.75,553.0,0.0,0.0,1,0.2645019335911454
hold_to_maturity,2.0,1.0,0.0,0.75,0.0,0.0,0.0,0,0.0
sell_before,2.0,1.0,0.0,0.75,3414.0,0.0,0.0,1,0.2645019335911454
round_trip,2.0,1.0,0.0,0.75,0.0,0.0,0.0,0,0.0
no_trade,2.0,1.0,0.0,0.8,836.0,0.0,0.0,1,0.0
hold_to_maturity,2.0,1.0,0.0,0.8,0.0,0.0,0.0,0,0.0
sell_before,2.0,1.0,0.0,0.8,0.0,0.0,0.0,0,0.0
round_trip,2.0,1.0,0.0,0.8,0.0,0.0,0.0,0,0.0
no_trade,2.0,1.0,0.0,0.9,39.0,0.0,0.0,1,0.2469325153374233
hold_to_maturity,2.0,1.0,0.0,0.9,0.0,0.0,0.0,0,0.0
sell_before,2.0,1.0,0.0,0.9,3664.0,0.0,0.0,1,0.2469325153374233
round_trip,2.0,1.0,0.0,0.9,0.0,0.0,0.0,0,0.0
no_trade,2.0,1.0,0.0,1.0,286.0,0.0,0.0,1,0.0
hold_to_maturity,2.0,1.0,0.0,1.0,0.0,0.0,0.0,0,0.0
sell_before,2.0,1.0,0.0,1.0,0.0,0.0,0.0,0,0.0
round_trip,2.0,1.0,0.0,1.0,0.0,0.0,0.0,0,0.0
no_trade,2.0,1.0,0.25,0.75,0.0,0.0,0.0,0,0.0
hold_to_maturity,2.0,1.0,0.25,0.75,0.0,0.0,0.0,0,0.0
sell_before,2.0,1.0,0.25,0.75,1579.0,0.0,0.0,1,0.1052807040938791
round_trip,2.0,1.0,0.25,0.75,0.0,0.0,0.0,0,0.0
no_trade,2.0,1.0,0.25,0.9,1226.0,0.0,0.0,1,0.0
hold_to_maturity,2.0,1.0,0.25,0.9,0.0,0.0,0.0,0,0.0
sell_before,2.0,1.0,0.25,0.9,0.0,0.0,0.0,0,0.0
round_trip,2.0,1.0,0.25,0.9,0.0,0.0,0.0,0,0.0
no_trade,2.0,1.0,0.25,1.0,0.0,0.0,0.0,0,0.0
hold_to_maturity,2.0,1.0,0.25,1.0,0.0,0.0,0.0,0,0.0
sell_before,2.0,1.0,0.25,1.0,1349.0,0.0,0.0,1,0.0333400013336
round_trip,2.0,1.0,0.25,1.0,0.0,0.0,0.0,0,0.0
no_trade,2.0,1.0,0.5,0.75,0.0,0.0,0.0,0,0.0
hold_to_maturity,2.0,1.0,0.5,0.75,0.0,0.0,0.0,0,0.0
sell_before,2.0,1.0,0.5,0.75,2242.0,0.0,0.0,1,0.1494965659798626
round_trip,2.0,1.0,0.5,0.75,0.0,0.0,0.0,0,0.0
no_trade,2.0,1.0,0.5,0.9,0.0,0.0,0.0,0,0.0
hold_to_maturity,2.0,1.0,0.5,0.9,0.0,0.0,0.0,0,0.0
sell_before,2.0,1.0,0.5,0.9,1576.0,0.0,0.0,1,0.0333377783704493
round_trip,2.0,1.0,0.5,0.9,0.0,0.0,0.0,0,0.0
no_trade,2.0,1.0,0.75,0.8,0.0,0.0,0.0,0,0.0
hold_to_maturity,2.0,1.0,0.75,0.8,0.0,0.0,0.0,0,0.0
sell_before,2.0,1.0,0.75,0.8,1278.0,0.0,0.0,1,0.0333377783704493
round_trip,2.0,1.0,0.75,0.8,0.0,0.0,0.0,0,0.0
no_trade,2.0,1.0,0.75,1.0,0.0,0.0,0.0,0,0.0
hold_to_maturity,2.0,1.0,0.75,1.0,0.0,0.0,0.0,0,0.0
sell_before,2.0,1.0,0.75,1.0,1291.0,0.0,0.0,1,0.0333377783704493
round_trip,2.0,1.0,0.75,1.0,0.0,0.0,0.0,0,0.0
no_trade,2.0,1.0,1.0,0.75,0.0,0.0,0.0,0,0.0
hold_to_maturity,2.0,1.0,1.0,0.75,0.0,0.0,0.0,0,0.0
sell_before,2.0,1.0,1.0,0.75,2960.0,0.0,0.0,1,0.1973728078949123
round_trip,2.0,1.0,1.0,0.75,0.0,0.0,0.0,0,0.0
no_trade,2.0,1.0,1.0,0.9,0.0,0.0,0.0,0,0.0
hold_to_maturity,2.0,1.0,1.0,0.9,0.0,0.0,0.0,0,0.0
sell_before,2.0,1.0,1.0,0.9,2693.0,0.0,0.0,1,0.1795692471827698
round_trip,2.0,1.0,1.0,0.9,0.0,0.0,0.0,0,0.0
no_trade,2.0,2.0,0.0,0.5,544.0,0.0,0.0,1,0.2144952660354713
hold_to_maturity,2.0,2.0,0.0,0.5,0.0,0.0,0.0,0,0.0
sell_before,2.0,2.0,0.0,0.5,2673.0,0.0,0.0,1,0.2144952660354713
round_trip,2.0,2.0,0.0,0.5,0.0,0.0,0.0,0,0.0
no_trade,2.0,2.0,0.0,0.75,0.0,0.0,0.0,0,0.0
hold_to_maturity,2.0,2.0,0.0,0.75,0.0,0.0,0.0,0,0.0
sell_before,2.0,2.0,0.0,0.75,2594.0,0.0,0.0,1,0.1729563941858914
round_trip,2.0,2.0,0.0,0.75,0.0,0.0,0.0,0,0.0
no_trade,2.0,2.0,0.0,0.8,0.0,0.0,0.0,0,0.0
hold_to_maturity,2.0,2.0,0.0,0.8,0.0,0.0,0.0,0,0.0
sell_before,2.0,2.0,0.0,0.8,901.0,0.0,0.0,1,0.0
round_trip,2.0,2.0,0.0,0.8,0.0,0.0,0.0,0,0.0
no_trade,2.0,2.0,0.0,0.9,175.0,0.0,0.0,1,0.2668533706741348
hold_to_maturity,2.0,2.0,0.0,0.9,0.0,0.0,0.0,0,0.0
sell_before,2.0,2.0,0.0,0.9,3827.0,0.0,0.0,1,0.2668533706741348
round_trip,2.0,2.0,0.0,0.9,0.0,0.0,0.0,0,0.0
no_trade,2.0,2.0,0.0,1.0,0.0,0.0,0.0,0,0.0
hold_to_maturity,2.0,2.0,0.0,1.0,0.0,0.0,0.0,0,0.0
sell_before,2.0,2.0,0.0,1.0,1815.0,0.0,0.0,1,0.1210242048409681
round_trip,2.0,2.0,0.0,1.0,0.0,0.0,0.0,0,0.0
no_trade,2.0,2.0,0.25,0.5,1203.0,0.0,0.0,1,0.0
hold_to_maturity,2.0,2.0,0.25,0.5,0.0,0.0,0.0,0,0.0
sell_before,2.0,2.0,0.25,0.5,0.0,0.0,0.0,0,0.0
round_trip,2.0,2.0,0.25,0.5,0.0,0.0,0.0,0,0.0
no_trade,2.0,2.0,0.25,0.75,0.0,0.0,0.0,0,0.0
hold_to_maturity,2.0,2.0,0.25,0.75,0.0,0.0,0.0,0,0.0
sell_before,2.0,2.0,0.25,0.75,2560.0,0.0,0.0,1,0.1706894252567008
round_trip,2.0,2.0,0.25,0.75,0.0,0.0,0.0,0,0.0
no_trade,2.0,2.0,0.25,0.8,1191.0,0.0,0.0,1,0.0
hold_to_maturity,2.0,2.0,0.25,0.8,0.0,0.0,0.0,0,0.0
sell_before,2.0,2.0,0.25,0.8,0.0,0.0,0.0,0,0.0
round_trip,2.0,2.0,0.25,0.8,0.0,0.0,0.0,0,0.0
no_trade,2.0,2.0,0.25,0.9,0.0,0.0,0.0,0,0.0
hold_to_maturity,2.0,2.0,0.25,0.9,0.0,0.0,0.0,0,0.0
sell_before,2.0,2.0,0.25,0.9,1612.0,0.0,0.0,1,0.0333400013336
round_trip,2.0,2.0,0.25,0.9,0.0,0.0,0.0,0,0.0
no_trade,2.0,2.0,0.5,0.75,0.0,0.0,0.0,0,0.0
hold_to_maturity,2.0,2.0,0.5,0.75,0.0,0.0,0.0,0,0.0
sell_before,2.0,2.0,0.5,0.75,1646.0,0.0,0.0,1,0.0333400013336
round_trip,2.0,2.0,0.5,0.75,0.0,0.0,0.0,0,0.0
no_trade,2.0,2.0,0.5,0.8,0.0,0.0,0.0,0,0.0
hold_to_maturity,2.0,2.0,0.5,0.8,0.0,0.0,0.0,0,0.0
sell_before,2.0,2.0,0.5,0.8,2823.0,0.0,0.0,1,0.1882376475295059
round_trip,2.0,2.0,0.5,0.8,0.0,0.0,0.0,0,0.0
no_trade,2.0,2.0,0.75,0.75,0.0,0.0,0.0,0,0.0
hold_to_maturity,2.0,2.0,0.75,0.75,0.0,0.0,0.0,0,0.0
sell_before,2.0,2.0,0.75,0.75,3021.0,0.0,0.0,1,0.2014268569142552
round_trip,2.0,2.0,0.75,0.75,0.0,0.0,0.0,0,0.0
no_trade,2.0,2.0,0.75,0.8,0.0,0.0,0.0,0,0.0
hold_to_maturity,2.0,2.0,0.75,0.8,0.0,0.0,0.0,0,0.0
sell_before,2.0,2.0,0.75,0.8,2898.0,0.0,0.0,1,0.1932386477295459
round_trip,2.0,2.0,0.75,0.8,0.0,0.0,0.0,0,0.0
no_trade,2.0,2.0,0.75,1.0,0.0,0.0,0.0,0,0.0
hold_to_maturity,2.0,2.0,0.75,1.0,0.0,0.0,0.0,0,0.0
sell_before,2.0,2.0,0.75,1.0,3952.0,0.0,0.0,1,0.2635193705407748
round_trip,2.0,2.0,0.75,1.0,0.0,0.0,0.0,0,0.0
no_trade,2.0,2.0,1.0,0.75,0.0,0.0,0.0,0,0.0
hold_to_maturity,2.0,2.0,1.0,0.75,0.0,0.0,0.0,0,0.0
sell_before,2.0,2.0,1.0,0.75,2126.0,0.0,0.0,1,0.1417616856704674
round_trip,2.0,2.0,1.0,0.75,0.0,0.0,0.0,0,0.0
no_trade,2.0,2.0,1.0,0.8,0.0,0.0,0.0,0,0.0
hold_to_maturity,2.0,2.0,1.0,0.8,0.0,0.0,0.0,0,0.0
sell_before,2.0,2.0,1.0,0.8,2925.0,0.0,0.0,1,0.1950260034671289
round_trip,2.0,2.0,1.0,0.8,0.0,0.0,0.0,0,0.0
no_trade,2.0,2.0,1.0,1.0,0.0,0.0,0.0,0,0.0
hold_to_maturity,2.0,2.0,1.0,1.0,0.0,0.0,0.0,0,0.0
sell_before,2.0,2.0,1.0,1.0,2901.0,0.0,0.0,1,0.1934386877375475
round_trip,2.0,2.0,1.0,1.0,0.0,0.0,0.0,0,0.0
no_trade,2.0,5.0,0.0,0.5,0.0,0.0,0.0,0,0.0
hold_to_maturity,2.0,5.0,0.0,0.5,0.0,0.0,0.0,0,0.0
sell_before,2.0,5.0,0.0,0.5,3046.0,0.0,0.0,1,0.2031072881242915
round_trip,2.0,5.0,0.0,0.5,0.0,0.0,0.0,0,0.0
no_trade,2.0,5.0,0.0,0.75,0.0,0.0,0.0,0,0.0
hold_to_maturity,2.0,5.0,0.0,0.75,0.0,0.0,0.0,0,0.0
sell_before,2.0,5.0,0.0,0.75,1193.0,0.0,0.0,1,0.0
round_trip,2.0,5.0,0.0,0.75,0.0,0.0,0.0,0,0.0
no_trade,2.0,5.0,0.0,0.8,0.0,0.0,0.0,0,0.0
hold_to_maturity,2.0,5.0,0.0,0.8,0.0,0.0,0.0,0,0.0
sell_before,2.0,5.0,0.0,0.8,2235.0,0.0,0.0,1,0.1490397439317151
round_trip,2.0,5.0,0.0,0.8,0.0,0.0,0.0,0,0.0
no_trade,2.0,5.0,0.0,0.9,437.0,0.0,0.0,1,0.4341912254967328
hold_to_maturity,2.0,5.0,0.0,0.9,0.0,0.0,0.0,0,0.0
sell_before,2.0,5.0,0.0,0.9,6075.0,0.0,0.0,1,0.4341912254967328
round_trip,2.0,5.0,0.0,0.9,0.0,0.0,0.0,0,0.0
no_trade,2.0,5.0,0.0,1.0,0.0,0.0,0.0,0,0.0
hold_to_maturity,2.0,5.0,0.0,1.0,0.0,0.0,0.0,0,0.0
sell_before,2.0,5.0,0.0,1.0,2945.0,0.0,0.0,1,0.0
round_trip,2.0,5.0,0.0,1.0,0.0,0.0,0.0,0,0.0
no_trade,2.0,5.0,0.25,0.75,0.0,0.0,0.0,0,0.0
hold_to_maturity,2.0,5.0,0.25,0.75,0.0,0.0,0.0,0,0.0
sell_before,2.0,5.0,0.25,0.75,2845.0,0.0,0.0,1,0.189691958927857
round_trip,2.0,5.0,0.25,0.75,0.0,0.0,0.0,0,0.0
no_trade,2.0,5.0,0.25,0.8,0.0,0.0,0.0,0,0.0
hold_to_maturity,2.0,5.0,0.25,0.8,0.0,0.0,0.0,0,0.0
sell_before,2.0,5.0,0.25,0.8,2747.0,0.0,0.0,1,0.1831577543672489
round_trip,2.0,5.0,0.25,0.8,0.0,0.0,0.0,0,0.0
no_trade,2.0,5.0,0.25,0.9,0.0,0.0,0.0,0,0.0
hold_to_maturity,2.0,5.0,0.25,0.9,0.0,0.0,0.0,0,0.0
sell_before,2.0,5.0,0.25,0.9,2593.0,0.0,0.0,1,0.1728897186291505
round_trip,2.0,5.0,0.25,0.9,0.0,0.0,0.0,0,0.0
no_trade,2.0,5.0,0.5,0.5,0.0,0.0,0.0,0,0.0
hold_to_maturity,2.0,5.0,0.5,0.5,0.0,0.0,0.0,0,0.0
sell_before,2.0,5.0,0.5,0.5,2647.0,0.0,0.0,1,0.1765019670600786
round_trip,2.0,5.0,0.5,0.5,0.0,0.0,0.0,0,0.0
no_trade,2.0,5.0,0.5,0.75,0.0,0.0,0.0,0,0.0
hold_to_maturity,2.0,5.0,0.5,0.75,0.0,0.0,0.0,0,0.0
sell_before,2.0,5.0,0.5,0.75,2252.0,0.0,0.0,1,0.1501433428895259
round_trip,2.0,5.0,0.5,0.75,0.0,0.0,0.0,0,0.0
no_trade,2.0,5.0,0.5,0.8,0.0,0.0,0.0,0,0.0
hold_to_maturity,2.0,5.0,0.5,0.8,0.0,0.0,0.0,0,0.0
sell_before,2.0,5.0,0.5,0.8,3521.0,0.0,0.0,1,0.2347802893912115
round_trip,2.0,5.0,0.5,0.8,0.0,0.0,0.0,0,0.0
no_trade,2.0,5.0,0.5,0.9,0.0,0.0,0.0,0,0.0
hold_to_maturity,2.0,5.0,0.5,0.9,0.0,0.0,0.0,0,0.0
sell_before,2.0,5.0,0.5,0.9,2579.0,0.0,0.0,1,0.1719562608347779
round_trip,2.0,5.0,0.5,0.9,0.0,0.0,0.0,0,0.0
no_trade,2.0,5.0,0.5,1.0,0.0,0.0,0.0,0,0.0
hold_to_maturity,2.0,5.0,0.5,1.0,0.0,0.0,0.0,0,0.0
sell_before,2.0,5.0,0.5,1.0,2695.0,0.0,0.0,1,0.1796906254167222
round_trip,2.0,5.0,0.5,1.0,0.0,0.0,0.0,0,0.0
no_trade,2.0,5.0,0.75,0.75,0.0,0.0,0.0,0,0.0
hold_to_maturity,2.0,5.0,0.75,0.75,0.0,0.0,0.0,0,0.0
sell_before,2.0,5.0,0.75,0.75,2780.0,0.0,0.0,1,0.1853456897126475
round_trip,2.0,5.0,0.75,0.75,0.0,0.0,0.0,0,0.0
no_trade,2.0,5.0,0.75,0.8,0.0,0.0,0.0,0,0.0
hold_to_maturity,2.0,5.0,0.75,0.8,0.0,0.0,0.0,0,0.0
sell_before,2.0,5.0,0.75,0.8,3112.0,0.0,0.0,1,0.2075081683003267
round_trip,2.0,5.0,0.75,0.8,0.0,0.0,0.0,0,0.0
no_trade,2.0,5.0,0.75,0.9,0.0,0.0,0.0,0,0.0
hold_to_maturity,2.0,5.0,0.75,0.9,0.0,0.0,0.0,0,0.0
sell_before,2.0,5.0,0.75,0.9,2518.0,0.0,0.0,1,0.1678890518735831
round_trip,2.0,5.0,0.75,0.9,0.0,0.0,0.0,0,0.0
no_trade,2.0,5.0,0.75,1.0,0.0,0.0,0.0,0,0.0
hold_to_maturity,2.0,5.0,0.75,1.0,0.0,0.0,0.0,0,0.0
sell_before,2.0,5.0,0.75,1.0,1723.0,0.0,0.0,1,0.0333355557037135
round_trip,2.0,5.0,0.75,1.0,0.0,0.0,0.0,0,0.0
no_trade,2.0,5.0,1.0,0.5,0.0,0.0,0.0,0,0.0
hold_to_maturity,2.0,5.0,1.0,0.5,0.0,0.0,0.0,0,0.0
sell_before,2.0,5.0,1.0,0.5,1711.0,0.0,0.0,1,0.0333400013336
round_trip,2.0,5.0,1.0,0.5,0.0,0.0,0.0,0,0.0
no_trade,2.0,5.0,1.0,0.75,0.0,0.0,0.0,0,0.0
hold_to_maturity,2.0,5.0,1.0,0.75,0.0,0.0,0.0,0,0.0
sell_before,2.0,5.0,1.0,0.75,2736.0,0.0,0.0,1,0.182424323243099
round_trip,2.0,5.0,1.0,0.75,0.0,0.0,0.0,0,0.0
no_trade,2.0,5.0,1.0,0.8,0.0,0.0,0.0,0,0.0
hold_to_maturity,2.0,5.0,1.0,0.8,0.0,0.0,0.0,0,0.0
sell_before,2.0,5.0,1.0,0.8,3086.0,0.0,0.0,1,0.2057744882309795
round_trip,2.0,5.0,1.0,0.8,0.0,0.0,0.0,0,0.0
no_trade,2.0,5.0,1.0,0.9,0.0,0.0,0.0,0,0.0
hold_to_maturity,2.0,5.0,1.0,0.9,0.0,0.0,0.0,0,0.0
sell_before,2.0,5.0,1.0,0.9,2085.0,0.0,0.0,1,0.1390278055611122
round_trip,2.0,5.0,1.0,0.9,0.0,0.0,0.0,0,0.0
no_trade,4.0,0.2,0.0,0.8,0.0,0.0,0.0,0,0.0
hold_to_maturity,4.0,0.2,0.0,0.8,0.0,0.0,0.0,0,0.0
sell_before,4.0,0.2,0.0,0.8,1201.0,0.0,0.0,1,0.0800826832033073
round_trip,4.0,0.2,0.0,0.8,0.0,0.0,0.0,0,0.0
no_trade,4.0,0.2,0.0,0.9,24.0,0.0,0.0,1,0.0
hold_to_maturity,4.0,0.2,0.0,0.9,0.0,0.0,0.0,0,0.0
sell_before,4.0,0.2,0.0,0.9,382.0,0.0,0.0,1,0.0
round_trip,4.0,0.2,0.0,0.9,0.0,0.0,0.0,0,0.0
no_trade,4.0,0.2,0.25,0.5,0.0,0.0,0.0,0,0.0
hold_to_maturity,4.0,0.2,0.25,0.5,0.0,0.0,0.0,0,0.0
sell_before,4.0,0.2,0.25,0.5,1198.0,0.0,0.0,1,0.0798826431953057
round_trip,4.0,0.2,0.25,0.5,0.0,0.0,0.0,0,0.0
no_trade,4.0,0.2,0.25,0.75,0.0,0.0,0.0,0,0.0
hold_to_maturity,4.0,0.2,0.25,0.75,0.0,0.0,0.0,0,0.0
sell_before,4.0,0.2,0.25,0.75,782.0,0.0,0.0,1,0.0333377783704493
round_trip,4.0,0.2,0.25,0.75,0.0,0.0,0.0,0,0.0
no_trade,4.0,0.2,0.25,0.8,500.0,0.0,0.0,1,0.0
hold_to_maturity,4.0,0.2,0.25,0.8,0.0,0.0,0.0,0,0.0
sell_before,4.0,0.2,0.25,0.8,0.0,0.0,0.0,0,0.0
round_trip,4.0,0.2,0.25,0.8,0.0,0.0,0.0,0,0.0
no_trade,4.0,0.2,0.25,0.9,1139.0,0.0,0.0,1,0.0
hold_to_maturity,4.0,0.2,0.25,0.9,0.0,0.0,0.0,0,0.0
sell_before,4.0,0.2,0.25,0.9,0.0,0.0,0.0,0,0.0
round_trip,4.0,0.2,0.25,0.9,0.0,0.0,0.0,0,0.0
no_trade,4.0,0.2,0.25,1.0,515.0,0.0,0.0,1,-0.03487131617549
hold_to_maturity,4.0,0.2,0.25,1.0,0.0,0.0,0.0,0,0.0
sell_before,4.0,0.2,0.25,1.0,0.0,0.0,0.0,0,0.0
round_trip,4.0,0.2,0.25,1.0,0.0,0.0,0.0,0,0.0
no_trade,4.0,0.2,0.5,0.5,502.0,0.0,0.0,1,0.0
hold_to_maturity,4.0,0.2,0.5,0.5,0.0,0.0,0.0,0,0.0
sell_before,4.0,0.2,0.5,0.5,0.0,0.0,0.0,0,0.0
round_trip,4.0,0.2,0.5,0.5,0.0,0.0,0.0,0,0.0
no_trade,4.0,0.2,0.5,0.75,532.0,0.0,0.0,1,0.0
hold_to_maturity,4.0,0.2,0.5,0.75,0.0,0.0,0.0,0,0.0
sell_before,4.0,0.2,0.5,0.75,0.0,0.0,0.0,0,0.0
round_trip,4.0,0.2,0.5,0.75,0.0,0.0,0.0,0,0.0
no_trade,4.0,0.2,0.5,0.8,0.0,0.0,0.0,0,0.0
hold_to_maturity,4.0,0.2,0.5,0.8,0.0,0.0,0.0,0,0.0
sell_before,4.0,0.2,0.5,0.8,1679.0,0.0,0.0,1,0.1119557244782289
round_trip,4.0,0.2,0.5,0.8,0.0,0.0,0.0,0,0.0
no_trade,4.0,0.2,0.75,0.75,0.0,0.0,0.0,0,0.0
hold_to_maturity,4.0,0.2,0.75,0.75,0.0,0.0,0.0,0,0.0
sell_before,4.0,0.2,0.75,0.75,2055.0,0.0,0.0,1,0.137018269102547
round_trip,4.0,0.2,0.75,0.75,0.0,0.0,0.0,0,0.0
no_trade,4.0,0.2,0.75,0.8,517.0,0.0,0.0,1,0.0
hold_to_maturity,4.0,0.2,0.75,0.8,0.0,0.0,0.0,0,0.0
sell_before,4.0,0.2,0.75,0.8,0.0,0.0,0.0,0,0.0
round_trip,4.0,0.2,0.75,0.8,0.0,0.0,0.0,0,0.0
no_trade,4.0,0.2,0.75,0.9,500.0,0.0,0.0,1,0.0
hold_to_maturity,4.0,0.2,0.75,0.9,0.0,0.0,0.0,0,0.0
sell_before,4.0,0.2,0.75,0.9,0.0,0.0,0.0,0,0.0
round_trip,4.0,0.2,0.75,0.9,0.0,0.0,0.0,0,0.0
no_trade,4.0,0.2,0.75,1.0,1000.0,0.0,0.0,1,0.0
hold_to_maturity,4.0,0.2,0.75,1.0,0.0,0.0,0.0,0,0.0
sell_before,4.0,0.2,0.75,1.0,0.0,0.0,0.0,0,0.0
round_trip,4.0,0.2,0.75,1.0,0.0,0.0,0.0,0,0.0
no_trade,4.0,0.5,0.0,0.75,50.0,0.0,0.0,1,0.0
hold_to_maturity,4.0,0.5,0.0,0.75,0.0,0.0,0.0,0,0.0
sell_before,4.0,0.5,0.0,0.75,0.0,0.0,0.0,0,0.0
round_trip,4.0,0.5,0.0,0.75,0.0,0.0,0.0,0,0.0
no_trade,4.0,0.5,0.0,0.8,0.0,0.0,0.0,0,0.0
hold_to_maturity,4.0,0.5,0.0,0.8,0.0,0.0,0.0,0,0.0
sell_before,4.0,0.5,0.0,0.8,236.0,0.0,0.0,1,0.0
round_trip,4.0,0.5,0.0,0.8,0.0,0.0,0.0,0,0.0
no_trade,4.0,0.5,0.25,0.75,0.0,0.0,0.0,0,0.0
hold_to_maturity,4.0,0.5,0.25,0.75,0.0,0.0,0.0,0,0.0
sell_before,4.0,0.5,0.25,0.75,675.0,0.0,0.0,1,0.0333400013336
round_trip,4.0,0.5,0.25,0.75,0.0,0.0,0.0,0,0.0
no_trade,4.0,0.5,0.25,0.8,0.0,0.0,0.0,0,0.0
hold_to_maturity,4.0,0.5,0.25,0.8,0.0,0.0,0.0,0,0.0
sell_before,4.0,0.5,0.25,0.8,2863.0,0.0,0.0,1,0.1909048476361939
round_trip,4.0,0.5,0.25,0.8,0.0,0.0,0.0,0,0.0
no_trade,4.0,0.5,0.25,0.9,0.0,0.0,0.0,0,0.0
hold_to_maturity,4.0,0.5,0.25,0.9,0.0,0.0,0.0,0,0.0
sell_before,4.0,0.5,0.25,0.9,500.0,0.0,0.0,1,0.0
round_trip,4.0,0.5,0.25,0.9,0.0,0.0,0.0,0,0.0
no_trade,4.0,0.5,0.5,0.75,0.0,0.0,0.0,0,0.0
hold_to_maturity,4.0,0.5,0.5,0.75,0.0,0.0,0.0,0,0.0
sell_before,4.0,0.5,0.5,0.75,352.0,0.0,0.0,1,0.0
round_trip,4.0,0.5,0.5,0.75,0.0,0.0,0.0,0,0.0
no_trade,4.0,0.5,0.5,0.8,518.0,0.0,0.0,1,0.0
hold_to_maturity,4.0,0.5,0.5,0.8,0.0,0.0,0.0,0,0.0
sell_before,4.0,0.5,0.5,0.8,0.0,0.0,0.0,0,0.0
round_trip,4.0,0.5,0.5,0.8,0.0,0.0,0.0,0,0.0
no_trade,4.0,0.5,0.5,0.9,535.0,0.0,0.0,1,0.0
hold_to_maturity,4.0,0.5,0.5,0.9,0.0,0.0,0.0,0,0.0
sell_before,4.0,0.5,0.5,0.9,0.0,0.0,0.0,0,0.0
round_trip,4.0,0.5,0.5,0.9,0.0,0.0,0.0,0,0.0
no_trade,4.0,0.5,0.5,1.0,0.0,0.0,0.0,0,0.0
hold_to_maturity,4.0,0.5,0.5,1.0,0.0,0.0,0.0,0,0.0
sell_before,4.0,0.5,0.5,1.0,282.0,0.0,0.0,1,0.0
round_trip,4.0,0.5,0.5,1.0,0.0,0.0,0.0,0,0.0
no_trade,4.0,0.5,0.75,0.8,0.0,0.0,0.0,0,0.0
hold_to_maturity,4.0,0.5,0.75,0.8,0.0,0.0,0.0,0,0.0
sell_before,4.0,0.5,0.75,0.8,1665.0,0.0,0.0,1,0.1110296078954387
round_trip,4.0,0.5,0.75,0.8,0.0,0.0,0.0,0,0.0
no_trade,4.0,0.5,0.75,0.9,0.0,0.0,0.0,0,0.0
hold_to_maturity,4.0,0.5,0.75,0.9,0.0,0.0,0.0,0,0.0
sell_before,4.0,0.5,0.75,0.9,1246.0,0.0,0.0,1,0.0830832833233313
round_trip,4.0,0.5,0.75,0.9,0.0,0.0,0.0,0,0.0
no_trade,4.0,0.5,1.0,0.75,508.0,0.0,0.0,1,0.0
hold_to_maturity,4.0,0.5,1.0,0.75,0.0,0.0,0.0,0,0.0
sell_before,4.0,0.5,1.0,0.75,0.0,0.0,0.0,0,0.0
round_trip,4.0,0.5,1.0,0.75,0.0,0.0,0.0,0,0.0
no_trade,4.0,0.5,1.0,0.9,0.0,0.0,0.0,0,0.0
hold_to_maturity,4.0,0.5,1.0,0.9,0.0,0.0,0.0,0,0.0
sell_before,4.0,0.5,1.0,0.9,1552.0,0.0,0.0,1,0.1034735649043269
round_trip,4.0,0.5,1.0,0.9,0.0,0.0,0.0,0,0.0
no_trade,4.0,0.5,1.0,1.0,0.0,0.0,0.0,0,0.0
hold_to_maturity,4.0,0.5,1.0,1.0,0.0,0.0,0.0,0,0.0
sell_before,4.0,0.5,1.0,1.0,4970.0,0.0,0.0,1,0.3313996132559845
round_trip,4.0,0.5,1.0,1.0,0.0,0.0,0.0,0,0.0
no_trade,4.0,1.0,0.0,0.5,0.0,0.0,0.0,0,0.0
hold_to_maturity,4.0,1.0,0.0,0.5,0.0,0.0,0.0,0,0.0
sell_before,4.0,1.0,0.0,0.5,390.0,0.0,0.0,1,0.0
round_trip,4.0,1.0,0.0,0.5,0.0,0.0,0.0,0,0.0
no_trade,4.0,1.0,0.25,0.8,0.0,0.0,0.0,0,0.0
hold_to_maturity,4.0,1.0,0.25,0.8,0.0,0.0,0.0,0,0.0
sell_before,4.0,1.0,0.25,0.8,568.0,0.0,0.0,1,0.0
round_trip,4.0,1.0,0.25,0.8,0.0,0.0,0.0,0,0.0
no_trade,4.0,1.0,0.25,0.9,0.0,0.0,0.0,0,0.0
hold_to_maturity,4.0,1.0,0.25,0.9,0.0,0.0,0.0,0,0.0
sell_before,4.0,1.0,0.25,0.9,2138.0,0.0,0.0,1,0.1425523403120416
round_trip,4.0,1.0,0.25,0.9,0.0,0.0,0.0,0,0.0
no_trade,4.0,1.0,0.25,1.0,602.0,0.0,0.0,1,-0.0262034937991732
hold_to_maturity,4.0,1.0,0.25,1.0,0.0,0.0,0.0,0,0.0
sell_before,4.0,1.0,0.25,1.0,0.0,0.0,0.0,0,0.0
round_trip,4.0,1.0,0.25,1.0,0.0,0.0,0.0,0,0.0
no_trade,4.0,1.0,0.5,0.75,0.0,0.0,0.0,0,0.0
hold_to_maturity,4.0,1.0,0.5,0.75,0.0,0.0,0.0,0,0.0
sell_before,4.0,1.0,0.5,0.75,985.0,0.0,0.0,1,0.0333400013336
round_trip,4.0,1.0,0.5,0.75,0.0,0.0,0.0,0,0.0
no_trade,4.0,1.0,0.75,0.5,536.0,0.0,0.0,1,0.0690758767835711
hold_to_maturity,4.0,1.0,0.75,0.5,0.0,0.0,0.0,0,0.0
sell_before,4.0,1.0,0.75,0.5,974.0,0.0,0.0,1,0.0690758767835711
round_trip,4.0,1.0,0.75,0.5,0.0,0.0,0.0,0,0.0
no_trade,4.0,1.0,0.75,0.75,0.0,0.0,0.0,0,0.0
hold_to_maturity,4.0,1.0,0.75,0.75,0.0,0.0,0.0,0,0.0
sell_before,4.0,1.0,0.75,0.75,692.0,0.0,0.0,1,0.0333377783704493
round_trip,4.0,1.0,0.75,0.75,0.0,0.0,0.0,0,0.0
no_trade,4.0,1.0,0.75,1.0,0.0,0.0,0.0,0,0.0
hold_to_maturity,4.0,1.0,0.75,1.0,0.0,0.0,0.0,0,0.0
sell_before,4.0,1.0,0.75,1.0,1524.0,0.0,0.0,1,0.1016271005601493
round_trip,4.0,1.0,0.75,1.0,0.0,0.0,0.0,0,0.0
no_trade,4.0,1.0,1.0,0.5,0.0,0.0,0.0,0,0.0
hold_to_maturity,4.0,1.0,1.0,0.5,0.0,0.0,0.0,0,0.0
sell_before,4.0,1.0,1.0,0.5,3825.0,0.0,0.0,1,0.2550340045339378
round_trip,4.0,1.0,1.0,0.5,0.0,0.0,0.0,0,0.0
no_trade,4.0,1.0,1.0,0.75,0.0,0.0,0.0,0,0.0
hold_to_maturity,4.0,1.0,1.0,0.75,0.0,0.0,0.0,0,0.0
sell_before,4.0,1.0,1.0,0.75,2000.0,0.0,0.0,1,0.1333600053344002
round_trip,4.0,1.0,1.0,0.75,0.0,0.0,0.0,0,0.0
no_trade,4.0,1.0,1.0,0.8,0.0,0.0,0.0,0,0.0
hold_to_maturity,4.0,1.0,1.0,0.8,0.0,0.0,0.0,0,0.0
sell_before,4.0,1.0,1.0,0.8,3259.0,0.0,0.0,1,0.2173101286924051
round_trip,4.0,1.0,1.0,0.8,0.0,0.0,0.0,0,0.0
no_trade,4.0,1.0,1.0,0.9,0.0,0.0,0.0,0,0.0
hold_to_maturity,4.0,1.0,1.0,0.9,0.0,0.0,0.0,0,0.0
sell_before,4.0,1.0,1.0,0.9,652.0,0.0,0.0,1,0.0434782608695652
round_trip,4.0,1.0,1.0,0.9,0.0,0.0,0.0,0,0.0
no_trade,4.0,2.0,0.0,0.75,0.0,0.0,0.0,0,0.0
hold_to_maturity,4.0,2.0,0.0,0.75,0.0,0.0,0.0,0,0.0
sell_before,4.0,2.0,0.0,0.75,2084.0,0.0,0.0,1,0.138961125558445
round_trip,4.0,2.0,0.0,0.75,0.0,0.0,0.0,0,0.0
no_trade,4.0,2.0,0.0,0.9,0.0,0.0,0.0,0,0.0
hold_to_maturity,4.0,2.0,0.0,0.9,0.0,0.0,0.0,0,0.0
sell_before,4.0,2.0,0.0,0.9,4158.0,0.0,0.0,1,0.2772369649286571
round_trip,4.0,2.0,0.0,0.9,0.0,0.0,0.0,0,0.0
no_trade,4.0,2.0,0.25,0.75,0.0,0.0,0.0,0,0.0
hold_to_maturity,4.0,2.0,0.25,0.75,0.0,0.0,0.0,0,0.0
sell_before,4.0,2.0,0.25,0.75,2661.0,0.0,0.0,1,0.1774236564875316
round_trip,4.0,2.0,0.25,0.75,0.0,0.0,0.0,0,0.0
no_trade,4.0,2.0,0.25,0.8,0.0,0.0,0.0,0,0.0
hold_to_maturity,4.0,2.0,0.25,0.8,0.0,0.0,0.0,0,0.0
sell_before,4.0,2.0,0.25,0.8,2568.0,0.0,0.0,1,0.171222829710628
round_trip,4.0,2.0,0.25,0.8,0.0,0.0,0.0,0,0.0
no_trade,4.0,2.0,0.25,1.0,0.0,0.0,0.0,0,0.0
hold_to_maturity,4.0,2.0,0.25,1.0,0.0,0.0,0.0,0,0.0
sell_before,4.0,2.0,0.25,1.0,2673.0,0.0,0.0,1,0.1782356471294258
round_trip,4.0,2.0,0.25,1.0,0.0,0.0,0.0,0,0.0
no_trade,4.0,2.0,0.5,0.5,0.0,0.0,0.0,0,0.0
hold_to_maturity,4.0,2.0,0.5,0.5,0.0,0.0,0.0,0,0.0
sell_before,4.0,2.0,0.5,0.5,1924.0,0.0,0.0,1,0.128292325131693
round_trip,4.0,2.0,0.5,0.5,0.0,0.0,0.0,0,0.0
no_trade,4.0,2.0,0.5,0.8,0.0,0.0,0.0,0,0.0
hold_to_maturity,4.0,2.0,0.5,0.8,0.0,0.0,0.0,0,0.0
sell_before,4.0,2.0,0.5,0.8,1351.0,0.0,0.0,1,0.0900846836033873
round_trip,4.0,2.0,0.5,0.8,0.0,0.0,0.0,0,0.0
no_trade,4.0,2.0,0.5,0.9,0.0,0.0,0.0,0,0.0
hold_to_maturity,4.0,2.0,0.5,0.9,0.0,0.0,0.0,0,0.0
sell_before,4.0,2.0,0.5,0.9,790.0,0.0,0.0,1,0.05267368982531
round_trip,4.0,2.0,0.5,0.9,0.0,0.0,0.0,0,0.0
no_trade,4.0,2.0,0.5,1.0,0.0,0.0,0.0,0,0.0
hold_to_maturity,4.0,2.0,0.5,1.0,0.0,0.0,0.0,0,0.0
sell_before,4.0,2.0,0.5,1.0,2293.0,0.0,0.0,1,0.1528870516068809
round_trip,4.0,2.0,0.5,1.0,0.0,0.0,0.0,0,0.0
no_trade,4.0,2.0,0.75,0.8,0.0,0.0,0.0,0,0.0
hold_to_maturity,4.0,2.0,0.75,0.8,0.0,0.0,0.0,0,0.0
sell_before,4.0,2.0,0.75,0.8,696.0,0.0,0.0,1,0.0333377783704493
round_trip,4.0,2.0,0.75,0.8,0.0,0.0,0.0,0,0.0
no_trade,4.0,2.0,0.75,1.0,0.0,0.0,0.0,0,0.0
hold_to_maturity,4.0,2.0,0.75,1.0,0.0,0.0,0.0,0,0.0
sell_before,4.0,2.0,0.75,1.0,953.0,0.0,0.0,1,0.0635418055740765
round_trip,4.0,2.0,0.75,1.0,0.0,0.0,0.0,0,0.0
no_trade,4.0,2.0,1.0,0.75,0.0,0.0,0.0,0,0.0
hold_to_maturity,4.0,2.0,1.0,0.75,0.0,0.0,0.0,0,0.0
sell_before,4.0,2.0,1.0,0.75,2915.0,0.0,0.0,1,0.1943722077748883
round_trip,4.0,2.0,1.0,0.75,0.0,0.0,0.0,0,0.0
no_trade,4.0,2.0,1.0,0.9,0.0,0.0,0.0,0,0.0
hold_to_maturity,4.0,2.0,1.0,0.9,0.0,0.0,0.0,0,0.0
sell_before,4.0,2.0,1.0,0.9,1068.0,0.0,0.0,1,0.0333377783704493
round_trip,4.0,2.0,1.0,0.9,0.0,0.0,0.0,0,0.0
no_trade,4.0,2.0,1.0,1.0,0.0,0.0,0.0,0,0.0
hold_to_maturity,4.0,2.0,1.0,1.0,0.0,0.0,0.0,0,0.0
sell_before,4.0,2.0,1.0,1.0,1738.0,0.0,0.0,1,0.1158898446355937
round_trip,4.0,2.0,1.0,1.0,0.0,0.0,0.0,0,0.0
no_trade,4.0,5.0,0.0,0.75,0.0,0.0,0.0,0,0.0
hold_to_maturity,4.0,5.0,0.0,0.75,0.0,0.0,0.0,0,0.0
sell_before,4.0,5.0,0.0,0.75,4489.0,0.0,0.0,1,0.2993065742098946
round_trip,4.0,5.0,0.0,0.75,0.0,0.0,0.0,0,0.0
no_trade,4.0,5.0,0.0,1.0,0.0,0.0,0.0,0,0.0
hold_to_maturity,4.0,5.0,0.0,1.0,0.0,0.0,0.0,0,0.0
sell_before,4.0,5.0,0.0,1.0,1242.0,0.0,0.0,1,0.0828110414721962
round_trip,4.0,5.0,0.0,1.0,0.0,0.0,0.0,0,0.0
no_trade,4.0,5.0,0.25,0.5,0.0,0.0,0.0,0,0.0
hold_to_maturity,4.0,5.0,0.25,0.5,0.0,0.0,0.0,0,0.0
sell_before,4.0,5.0,0.25,0.5,2345.0,0.0,0.0,1,0.1563541805574076
round_trip,4.0,5.0,0.25,0.5,0.0,0.0,0.0,0,0.0
no_trade,4.0,5.0,0.25,0.8,0.0,0.0,0.0,0,0.0
hold_to_maturity,4.0,5.0,0.25,0.8,0.0,0.0,0.0,0,0.0
sell_before,4.0,5.0,0.25,0.8,2272.0,0.0,0.0,1,0.151486864915322
round_trip,4.0,5.0,0.25,0.8,0.0,0.0,0.0,0,0.0
no_trade,4.0,5.0,0.25,0.9,0.0,0.0,0.0,0,0.0
hold_to_maturity,4.0,5.0,0.25,0.9,0.0,0.0,0.0,0,0.0
sell_before,4.0,5.0,0.25,0.9,2440.0,0.0,0.0,1,0.1626992065079682
round_trip,4.0,5.0,0.25,0.9,0.0,0.0,0.0,0,0.0
no_trade,4.0,5.0,0.5,0.8,0.0,0.0,0.0,0,0.0
hold_to_maturity,4.0,5.0,0.5,0.8,0.0,0.0,0.0,0,0.0
sell_before,4.0,5.0,0.5,0.8,2851.0,0.0,0.0,1,0.1901046876041875
round_trip,4.0,5.0,0.5,0.8,0.0,0.0,0.0,0,0.0
no_trade,4.0,5.0,0.5,0.9,0.0,0.0,0.0,0,0.0
hold_to_maturity,4.0,5.0,0.5,0.9,0.0,0.0,0.0,0,0.0
sell_before,4.0,5.0,0.5,0.9,2672.0,0.0,0.0,1,0.1781570876116815
round_trip,4.0,5.0,0.5,0.9,0.0,0.0,0.0,0,0.0
no_trade,4.0,5.0,0.75,0.75,0.0,0.0,0.0,0,0.0
hold_to_maturity,4.0,5.0,0.75,0.75,0.0,0.0,0.0,0,0.0
sell_before,4.0,5.0,0.75,0.75,1598.0,0.0,0.0,1,0.1065546442621857
round_trip,4.0,5.0,0.75,0.75,0.0,0.0,0.0,0,0.0
no_trade,4.0,5.0,0.75,0.8,0.0,0.0,0.0,0,0.0
hold_to_maturity,4.0,5.0,0.75,0.8,0.0,0.0,0.0,0,0.0
sell_before,4.0,5.0,0.75,0.8,1961.0,0.0,0.0,1,0.1307507667689025
round_trip,4.0,5.0,0.75,0.8,0.0,0.0,0.0,0,0.0
no_trade,4.0,5.0,0.75,0.9,0.0,0.0,0.0,0,0.0
hold_to_maturity,4.0,5.0,0.75,0.9,0.0,0.0,0.0,0,0.0
sell_before,4.0,5.0,0.75,0.9,2704.0,0.0,0.0,1,0.180302727212109
round_trip,4.0,5.0,0.75,0.9,0.0,0.0,0.0,0,0.0
no_trade,4.0,5.0,1.0,0.75,0.0,0.0,0.0,0,0.0
hold_to_maturity,4.0,5.0,1.0,0.75,0.0,0.0,0.0,0,0.0
sell_before,4.0,5.0,1.0,0.75,2209.0,0.0,0.0,1,0.147296125891845
round_trip,4.0,5.0,1.0,0.75,0.0,0.0,0.0,0,0.0
no_trade,4.0,5.0,1.0,0.9,0.0,0.0,0.0,0,0.0
hold_to_maturity,4.0,5.0,1.0,0.9,0.0,0.0,0.0,0,0.0
sell_before,4.0,5.0,1.0,0.9,2894.0,0.0,0.0,1,0.192959061208161
round_trip,4.0,5.0,1.0,0.9,0.0,0.0,0.0,0,0.0
