run_id,phase,seed,n_agents,kappa,concentration,mu,monotonicity,maturity_days,Q_total,S1,L0,scenario_yaml,events_jsonl,balances_csv,metrics_csv,metrics_html,run_html,default_handling,dealer_enabled,status,time_to_stability,phi_total,delta_total,error
balanced_passive_d2f9bb3b1ca4,balanced_passive,42,100,0.25,0.2,0,0,10,10000,14999.99999999999999999999999,51875.00000000000000000000000,../runs/balanced_passive_d2f9bb3b1ca4/scenario.yaml,../runs/balanced_passive_d2f9bb3b1ca4/out/events.jsonl,../runs/balanced_passive_d2f9bb3b1ca4/out/balances.csv,../runs/balanced_passive_d2f9bb3b1ca4/out/metrics.csv,../runs/balanced_passive_d2f9bb3b1ca4/out/metrics.html,../runs/balanced_passive_d2f9bb3b1ca4/run.html,fail-fast,False,completed,1,0.09294550317619525242393848211,0.9070544968238047475760615179,
balanced_passive_3be4254cbd09,balanced_passive,43,100,0.25,0.2,0.25,0,10,10000,14999.99999999999999999999999,51875.00000000000000000000000,../runs/balanced_passive_3be4254cbd09/scenario.yaml,../runs/balanced_passive_3be4254cbd09/out/events.jsonl,../runs/balanced_passive_3be4254cbd09/out/balances.csv,../runs/balanced_passive_3be4254cbd09/out/metrics.csv,../runs/balanced_passive_3be4254cbd09/out/metrics.html,../runs/balanced_passive_3be4254cbd09/run.html,fail-fast,False,completed,9,0.1842914438502673796791443850,0.8157085561497326203208556150,
balanced_passive_d532b1e884b6,balanced_passive,44,100,0.25,0.2,0.5,0,10,10000,15000.00000000000000000000000,51875.00000000000000000000000,../runs/balanced_passive_d532b1e884b6/scenario.yaml,../runs/balanced_passive_d532b1e884b6/out/events.jsonl,../runs/balanced_passive_d532b1e884b6/out/balances.csv,../runs/balanced_passive_d532b1e884b6/out/metrics.csv,../runs/balanced_passive_d532b1e884b6/out/metrics.html,../runs/balanced_passive_d532b1e884b6/run.html,fail-fast,False,completed,9,0.04380391894603089681000468135,0.9561960810539691031899953187,
balanced_passive_2c6570672add,balanced_passive,45,100,0.25,0.2,0.75,0,10,10000,15000.00000000000000000000001,51875.00000000000000000000000,../runs/balanced_passive_2c6570672add/scenario.yaml,../runs/balanced_passive_2c6570672add/out/events.jsonl,../runs/balanced_passive_2c6570672add/out/balances.csv,../runs/balanced_passive_2c6570672add/out/metrics.csv,../runs/balanced_passive_2c6570672add/out/metrics.html,../runs/balanced_passive_2c6570672add/run.html,fail-fast,False,completed,10,0.04691259021651964715316760225,0.9530874097834803528468323978,
balanced_passive_536b6cc06e94,balanced_passive,46,100,0.25,0.2,1,0,10,10000,15000.13066881029056707492937,51875.00000000000000000000000,../runs/balanced_passive_536b6cc06e94/scenario.yaml,../runs/balanced_passive_536b6cc06e94/out/events.jsonl,../runs/balanced_passive_536b6cc06e94/out/balances.csv,../runs/balanced_passive_536b6cc06e94/out/metrics.csv,../runs/balanced_passive_536b6cc06e94/out/metrics.html,../runs/balanced_passive_536b6cc06e94/run.html,fail-fast,False,completed,10,0.03215670544190399786067656104,0.9678432945580960021393234390,
balanced_passive_be716fc6d676,balanced_passive,47,100,0.25,0.5,0,0,10,10000,14999.99999999999999999999999,51875.00000000000000000000000,../runs/balanced_passive_be716fc6d676/scenario.yaml,../runs/balanced_passive_be716fc6d676/out/events.jsonl,../runs/balanced_passive_be716fc6d676/out/balances.csv,../runs/balanced_passive_be716fc6d676/out/metrics.csv,../runs/balanced_passive_be716fc6d676/out/metrics.html,../runs/balanced_passive_be716fc6d676/run.html,fail-fast,False,completed,1,0.3091432011236706574811049428,0.6908567988763293425188950572,
balanced_passive_35ebb48fc1e8,balanced_passive,48,100,0.25,0.5,0.25,0,10,10000,15000.00000000000000000000001,51875.00000000000000000000000,../runs/balanced_passive_35ebb48fc1e8/scenario.yaml,../runs/balanced_passive_35ebb48fc1e8/out/events.jsonl,../runs/balanced_passive_35ebb48fc1e8/out/balances.csv,../runs/balanced_passive_35ebb48fc1e8/out/metrics.csv,../runs/balanced_passive_35ebb48fc1e8/out/metrics.html,../runs/balanced_passive_35ebb48fc1e8/run.html,fail-fast,False,completed,9,0.05771417106935063198020464122,0.9422858289306493680197953588,
balanced_passive_5529643eb0b9,balanced_passive,49,100,0.25,0.5,0.5,0,10,10000,15000.00000000000000000000000,51875.00000000000000000000000,../runs/balanced_passive_5529643eb0b9/scenario.yaml,../runs/balanced_passive_5529643eb0b9/out/events.jsonl,../runs/balanced_passive_5529643eb0b9/out/balances.csv,../runs/balanced_passive_5529643eb0b9/out/metrics.csv,../runs/balanced_passive_5529643eb0b9/out/metrics.html,../runs/balanced_passive_5529643eb0b9/run.html,fail-fast,False,completed,9,0.2400534938147776663323303243,0.7599465061852223336676696757,
balanced_passive_9bfb57f60772,balanced_passive,50,100,0.25,0.5,0.75,0,10,10000,14999.99999999999999999999998,51875.00000000000000000000000,../runs/balanced_passive_9bfb57f60772/scenario.yaml,../runs/balanced_passive_9bfb57f60772/out/events.jsonl,../runs/balanced_passive_9bfb57f60772/out/balances.csv,../runs/balanced_passive_9bfb57f60772/out/metrics.csv,../runs/balanced_passive_9bfb57f60772/out/metrics.html,../runs/balanced_passive_9bfb57f60772/run.html,fail-fast,False,completed,10,0.06741573033707865168539325843,0.9325842696629213483146067416,
balanced_passive_8d03edc68902,balanced_passive,51,100,0.25,0.5,1,0,10,10000,14999.99999999999999999999999,51875.00000000000000000000000,../runs/balanced_passive_8d03edc68902/scenario.yaml,../runs/balanced_passive_8d03edc68902/out/events.jsonl,../runs/balanced_passive_8d03edc68902/out/balances.csv,../runs/balanced_passive_8d03edc68902/out/metrics.csv,../runs/balanced_passive_8d03edc68902/out/metrics.html,../runs/balanced_passive_8d03edc68902/run.html,fail-fast,False,completed,10,0.2598140841302748612318598275,0.7401859158697251387681401725,
balanced_passive_ef73bdbe54cc,balanced_passive,52,100,0.25,1,0,0,10,10000,15000.00000000000000000000000,51875.00000000000000000000000,../runs/balanced_passive_ef73bdbe54cc/scenario.yaml,../runs/balanced_passive_ef73bdbe54cc/out/events.jsonl,../runs/balanced_passive_ef73bdbe54cc/out/balances.csv,../runs/balanced_passive_ef73bdbe54cc/out/metrics.csv,../runs/balanced_passive_ef73bdbe54cc/out/metrics.html,../runs/balanced_passive_ef73bdbe54cc/run.html,fail-fast,False,completed,1,0.09860191317144959529065489330,0.9013980868285504047093451067,
balanced_passive_f56daf5359ee,balanced_passive,53,100,0.25,1,0.25,0,10,10000,15000.00000000000000000000001,51875.00000000000000000000000,../runs/balanced_passive_f56daf5359ee/scenario.yaml,../runs/balanced_passive_f56daf5359ee/out/events.jsonl,../runs/balanced_passive_f56daf5359ee/out/balances.csv,../runs/balanced_passive_f56daf5359ee/out/metrics.csv,../runs/balanced_passive_f56daf5359ee/out/metrics.html,../runs/balanced_passive_f56daf5359ee/run.html,fail-fast,False,completed,9,0.03183520599250936329588014981,0.9681647940074906367041198502,
balanced_passive_fa4d041f1110,balanced_passive,54,100,0.25,1,0.5,0,10,10000,15000.00000000000000000000002,51875.00000000000000000000000,../runs/balanced_passive_fa4d041f1110/scenario.yaml,../runs/balanced_passive_fa4d041f1110/out/events.jsonl,../runs/balanced_passive_fa4d041f1110/out/balances.csv,../runs/balanced_passive_fa4d041f1110/out/metrics.csv,../runs/balanced_passive_fa4d041f1110/out/metrics.html,../runs/balanced_passive_fa4d041f1110/run.html,fail-fast,False,completed,9,0.02120259514413751588522506856,0.9787974048558624841147749314,
balanced_passive_5790b7dd5909,balanced_passive,55,100,0.25,1,0.75,0,10,10000,14999.99999999999999999999998,51875.00000000000000000000000,../runs/balanced_passive_5790b7dd5909/scenario.yaml,../runs/balanced_passive_5790b7dd5909/out/events.jsonl,../runs/balanced_passive_5790b7dd5909/out/balances.csv,../runs/balanced_passive_5790b7dd5909/out/metrics.csv,../runs/balanced_passive_5790b7dd5909/out/metrics.html,../runs/balanced_passive_5790b7dd5909/run.html,fail-fast,False,completed,10,0.2128428093645484949832775920,0.7871571906354515050167224080,
balanced_passive_0dbc44cf2620,balanced_passive,56,100,0.25,1,1,0,10,10000,14999.99999999999999999999998,51875.00000000000000000000000,../runs/balanced_passive_0dbc44cf2620/scenario.yaml,../runs/balanced_passive_0dbc44cf2620/out/events.jsonl,../runs/balanced_passive_0dbc44cf2620/out/balances.csv,../runs/balanced_passive_0dbc44cf2620/out/metrics.csv,../runs/balanced_passive_0dbc44cf2620/out/metrics.html,../runs/balanced_passive_0dbc44cf2620/run.html,fail-fast,False,completed,10,0.007623888182973316391359593393,0.9923761118170266836086404066,
balanced_passive_97090d7d9958,balanced_passive,57,100,0.25,2,0,0,10,10000,15000.00000000000000000000000,51875.00000000000000000000000,../runs/balanced_passive_97090d7d9958/scenario.yaml,../runs/balanced_passive_97090d7d9958/out/events.jsonl,../runs/balanced_passive_97090d7d9958/out/balances.csv,../runs/balanced_passive_97090d7d9958/out/metrics.csv,../runs/balanced_passive_97090d7d9958/out/metrics.html,../runs/balanced_passive_97090d7d9958/run.html,fail-fast,False,completed,1,1,0,
balanced_passive_a01c5ef1bff4,balanced_passive,58,100,0.25,2,0.25,0,10,10000,14999.99999999999999999999999,51875.00000000000000000000000,../runs/balanced_passive_a01c5ef1bff4/scenario.yaml,../runs/balanced_passive_a01c5ef1bff4/out/events.jsonl,../runs/balanced_passive_a01c5ef1bff4/out/balances.csv,../runs/balanced_passive_a01c5ef1bff4/out/metrics.csv,../runs/balanced_passive_a01c5ef1bff4/out/metrics.html,../runs/balanced_passive_a01c5ef1bff4/run.html,fail-fast,False,completed,9,1,0,
balanced_passive_50fd91ba7663,balanced_passive,59,100,0.25,2,0.5,0,10,10000,15000.00000000000000000000001,51875.00000000000000000000000,../runs/balanced_passive_50fd91ba7663/scenario.yaml,../runs/balanced_passive_50fd91ba7663/out/events.jsonl,../runs/balanced_passive_50fd91ba7663/out/balances.csv,../runs/balanced_passive_50fd91ba7663/out/metrics.csv,../runs/balanced_passive_50fd91ba7663/out/metrics.html,../runs/balanced_passive_50fd91ba7663/run.html,fail-fast,False,completed,9,0.5576369840101692647353984077,0.4423630159898307352646015923,
balanced_passive_4081427577be,balanced_passive,60,100,0.25,2,0.75,0,10,10000,15000.00000000000000000000000,51875.00000000000000000000000,../runs/balanced_passive_4081427577be/scenario.yaml,../runs/balanced_passive_4081427577be/out/events.jsonl,../runs/balanced_passive_4081427577be/out/balances.csv,../runs/balanced_passive_4081427577be/out/metrics.csv,../runs/balanced_passive_4081427577be/out/metrics.html,../runs/balanced_passive_4081427577be/run.html,fail-fast,False,completed,10,1,0,
balanced_passive_fe94bbf8a58b,balanced_passive,61,100,0.25,2,1,0,10,10000,14999.99999999999999999999998,51875.00000000000000000000000,../runs/balanced_passive_fe94bbf8a58b/scenario.yaml,../runs/balanced_passive_fe94bbf8a58b/out/events.jsonl,../runs/balanced_passive_fe94bbf8a58b/out/balances.csv,../runs/balanced_passive_fe94bbf8a58b/out/metrics.csv,../runs/balanced_passive_fe94bbf8a58b/out/metrics.html,../runs/balanced_passive_fe94bbf8a58b/run.html,fail-fast,False,completed,10,0.8233248629129329945165173198,0.1766751370870670054834826802,
balanced_passive_85e168a17acc,balanced_passive,62,100,0.25,5,0,0,10,10000,15000.00000000000000000000002,51875.00000000000000000000000,../runs/balanced_passive_85e168a17acc/scenario.yaml,../runs/balanced_passive_85e168a17acc/out/events.jsonl,../runs/balanced_passive_85e168a17acc/out/balances.csv,../runs/balanced_passive_85e168a17acc/out/metrics.csv,../runs/balanced_passive_85e168a17acc/out/metrics.html,../runs/balanced_passive_85e168a17acc/run.html,fail-fast,False,completed,1,1,0,
balanced_passive_20f23fd6905b,balanced_passive,63,100,0.25,5,0.25,0,10,10000,15000.00000000000000000000000,51875.00000000000000000000000,../runs/balanced_passive_20f23fd6905b/scenario.yaml,../runs/balanced_passive_20f23fd6905b/out/events.jsonl,../runs/balanced_passive_20f23fd6905b/out/balances.csv,../runs/balanced_passive_20f23fd6905b/out/metrics.csv,../runs/balanced_passive_20f23fd6905b/out/metrics.html,../runs/balanced_passive_20f23fd6905b/run.html,fail-fast,False,completed,9,1,0,
balanced_passive_b6dcfbdc630f,balanced_passive,64,100,0.25,5,0.5,0,10,10000,15000.00000000000000000000001,51875.00000000000000000000000,../runs/balanced_passive_b6dcfbdc630f/scenario.yaml,../runs/balanced_passive_b6dcfbdc630f/out/events.jsonl,../runs/balanced_passive_b6dcfbdc630f/out/balances.csv,../runs/balanced_passive_b6dcfbdc630f/out/metrics.csv,../runs/balanced_passive_b6dcfbdc630f/out/metrics.html,../runs/balanced_passive_b6dcfbdc630f/run.html,fail-fast,False,completed,9,1,0,
balanced_passive_7d429fa22001,balanced_passive,65,100,0.25,5,0.75,0,10,10000,15000.00000000000000000000000,51875.00000000000000000000000,../runs/balanced_passive_7d429fa22001/scenario.yaml,../runs/balanced_passive_7d429fa22001/out/events.jsonl,../runs/balanced_passive_7d429fa22001/out/balances.csv,../runs/balanced_passive_7d429fa22001/out/metrics.csv,../runs/balanced_passive_7d429fa22001/out/metrics.html,../runs/balanced_passive_7d429fa22001/run.html,fail-fast,False,completed,10,1,0,
balanced_passive_ba43b1a13ba1,balanced_passive,66,100,0.25,5,1,0,10,10000,15000.00000000000000000000002,51875.00000000000000000000000,../runs/balanced_passive_ba43b1a13ba1/scenario.yaml,../runs/balanced_passive_ba43b1a13ba1/out/events.jsonl,../runs/balanced_passive_ba43b1a13ba1/out/balances.csv,../runs/balanced_passive_ba43b1a13ba1/out/metrics.csv,../runs/balanced_passive_ba43b1a13ba1/out/metrics.html,../runs/balanced_passive_ba43b1a13ba1/run.html,fail-fast,False,completed,10,1,0,
balanced_passive_e443c585a3e1,balanced_passive,67,100,0.5,0.2,0,0,10,10000,15000.00000000000000000000001,26875.00000000000000000000000,../runs/balanced_passive_e443c585a3e1/scenario.yaml,../runs/balanced_passive_e443c585a3e1/out/events.jsonl,../runs/balanced_passive_e443c585a3e1/out/balances.csv,../runs/balanced_passive_e443c585a3e1/out/metrics.csv,../runs/balanced_passive_e443c585a3e1/out/metrics.html,../runs/balanced_passive_e443c585a3e1/run.html,fail-fast,False,completed,1,0,1,
balanced_passive_2fc7fcb5d1fd,balanced_passive,68,100,0.5,0.2,0.25,0,10,10000,15000.00000000000000000000001,26875.00000000000000000000000,../runs/balanced_passive_2fc7fcb5d1fd/scenario.yaml,../runs/balanced_passive_2fc7fcb5d1fd/out/events.jsonl,../runs/balanced_passive_2fc7fcb5d1fd/out/balances.csv,../runs/balanced_passive_2fc7fcb5d1fd/out/metrics.csv,../runs/balanced_passive_2fc7fcb5d1fd/out/metrics.html,../runs/balanced_passive_2fc7fcb5d1fd/run.html,fail-fast,False,completed,9,0.02634394223054292591602032629,0.9736560577694570740839796737,
balanced_passive_877c9b39394e,balanced_passive,69,100,0.5,0.2,0.5,0,10,10000,15000.00000000000000000000001,26875.00000000000000000000000,../runs/balanced_passive_877c9b39394e/scenario.yaml,../runs/balanced_passive_877c9b39394e/out/events.jsonl,../runs/balanced_passive_877c9b39394e/out/balances.csv,../runs/balanced_passive_877c9b39394e/out/metrics.csv,../runs/balanced_passive_877c9b39394e/out/metrics.html,../runs/balanced_passive_877c9b39394e/run.html,fail-fast,False,completed,9,0.01296878133565077879537402233,0.9870312186643492212046259777,
balanced_passive_0a399133febb,balanced_passive,70,100,0.5,0.2,0.75,0,10,10000,15000.10835101883230534062239,26875.00000000000000000000000,../runs/balanced_passive_0a399133febb/scenario.yaml,../runs/balanced_passive_0a399133febb/out/events.jsonl,../runs/balanced_passive_0a399133febb/out/balances.csv,../runs/balanced_passive_0a399133febb/out/metrics.csv,../runs/balanced_passive_0a399133febb/out/metrics.html,../runs/balanced_passive_0a399133febb/run.html,fail-fast,False,completed,10,0.06784759358288770053475935829,0.9321524064171122994652406417,
balanced_passive_789357bfad12,balanced_passive,71,100,0.5,0.2,1,0,10,10000,15000.00000000000000000000000,26875.00000000000000000000000,../runs/balanced_passive_789357bfad12/scenario.yaml,../runs/balanced_passive_789357bfad12/out/events.jsonl,../runs/balanced_passive_789357bfad12/out/balances.csv,../runs/balanced_passive_789357bfad12/out/metrics.csv,../runs/balanced_passive_789357bfad12/out/metrics.html,../runs/balanced_passive_789357bfad12/run.html,fail-fast,False,completed,10,0.05614973262032085561497326203,0.9438502673796791443850267380,
balanced_passive_d7f0f7908e71,balanced_passive,72,100,0.5,0.5,0,0,10,10000,14999.99999999999999999999998,26875.00000000000000000000000,../runs/balanced_passive_d7f0f7908e71/scenario.yaml,../runs/balanced_passive_d7f0f7908e71/out/events.jsonl,../runs/balanced_passive_d7f0f7908e71/out/balances.csv,../runs/balanced_passive_d7f0f7908e71/out/metrics.csv,../runs/balanced_passive_d7f0f7908e71/out/metrics.html,../runs/balanced_passive_d7f0f7908e71/run.html,fail-fast,False,completed,1,0.00006686726847208291541290538282,0.9999331327315279170845870946,
balanced_passive_64f48f1253d5,balanced_passive,73,100,0.5,0.5,0.25,0,10,10000,15000.00000000000000000000000,26875.00000000000000000000000,../runs/balanced_passive_64f48f1253d5/scenario.yaml,../runs/balanced_passive_64f48f1253d5/out/events.jsonl,../runs/balanced_passive_64f48f1253d5/out/balances.csv,../runs/balanced_passive_64f48f1253d5/out/metrics.csv,../runs/balanced_passive_64f48f1253d5/out/metrics.html,../runs/balanced_passive_64f48f1253d5/run.html,fail-fast,False,completed,9,0.06419687040256787481610271499,0.9358031295974321251838972850,
balanced_passive_2e6a4832a1f1,balanced_passive,74,100,0.5,0.5,0.5,0,10,10000,15000.00000000000000000000001,26875.00000000000000000000000,../runs/balanced_passive_2e6a4832a1f1/scenario.yaml,../runs/balanced_passive_2e6a4832a1f1/out/events.jsonl,../runs/balanced_passive_2e6a4832a1f1/out/balances.csv,../runs/balanced_passive_2e6a4832a1f1/out/metrics.csv,../runs/balanced_passive_2e6a4832a1f1/out/metrics.html,../runs/balanced_passive_2e6a4832a1f1/run.html,fail-fast,False,completed,9,0.05022739432851792402354200108,0.9497726056714820759764579989,
balanced_passive_f534434de6ae,balanced_passive,75,100,0.5,0.5,0.75,0,10,10000,15000.00870546688138442256370,26875.00000000000000000000000,../runs/balanced_passive_f534434de6ae/scenario.yaml,../runs/balanced_passive_f534434de6ae/out/events.jsonl,../runs/balanced_passive_f534434de6ae/out/balances.csv,../runs/balanced_passive_f534434de6ae/out/metrics.csv,../runs/balanced_passive_f534434de6ae/out/metrics.html,../runs/balanced_passive_f534434de6ae/run.html,fail-fast,False,completed,10,0,1,
balanced_passive_4a14890ca3f7,balanced_passive,76,100,0.5,0.5,1,0,10,10000,15000.00000000000000000000002,26875.00000000000000000000000,../runs/balanced_passive_4a14890ca3f7/scenario.yaml,../runs/balanced_passive_4a14890ca3f7/out/events.jsonl,../runs/balanced_passive_4a14890ca3f7/out/balances.csv,../runs/balanced_passive_4a14890ca3f7/out/metrics.csv,../runs/balanced_passive_4a14890ca3f7/out/metrics.html,../runs/balanced_passive_4a14890ca3f7/run.html,fail-fast,False,completed,10,0.01237540972640310388654759516,0.9876245902735968961134524048,
balanced_passive_0269e1fbdcfa,balanced_passive,77,100,0.5,1,0,0,10,10000,15000.00000000000000000000001,26875.00000000000000000000000,../runs/balanced_passive_0269e1fbdcfa/scenario.yaml,../runs/balanced_passive_0269e1fbdcfa/out/events.jsonl,../runs/balanced_passive_0269e1fbdcfa/out/balances.csv,../runs/balanced_passive_0269e1fbdcfa/out/metrics.csv,../runs/balanced_passive_0269e1fbdcfa/out/metrics.html,../runs/balanced_passive_0269e1fbdcfa/run.html,fail-fast,False,completed,1,0.08359526516418110078245168194,0.9164047348358188992175483181,
balanced_passive_b5581bf8e187,balanced_passive,78,100,0.5,1,0.25,0,10,10000,15000.00000000000000000000000,26875.00000000000000000000000,../runs/balanced_passive_b5581bf8e187/scenario.yaml,../runs/balanced_passive_b5581bf8e187/out/events.jsonl,../runs/balanced_passive_b5581bf8e187/out/balances.csv,../runs/balanced_passive_b5581bf8e187/out/metrics.csv,../runs/balanced_passive_b5581bf8e187/out/metrics.html,../runs/balanced_passive_b5581bf8e187/run.html,fail-fast,False,completed,9,0.01792522239315095980201993178,0.9820747776068490401979800682,
balanced_passive_69107e960e90,balanced_passive,79,100,0.5,1,0.5,0,10,10000,15000.00000000000000000000000,26875.00000000000000000000000,../runs/balanced_passive_69107e960e90/scenario.yaml,../runs/balanced_passive_69107e960e90/out/events.jsonl,../runs/balanced_passive_69107e960e90/out/balances.csv,../runs/balanced_passive_69107e960e90/out/metrics.csv,../runs/balanced_passive_69107e960e90/out/metrics.html,../runs/balanced_passive_69107e960e90/run.html,fail-fast,False,completed,9,0.03163879598662207357859531772,0.9683612040133779264214046823,
balanced_passive_60b2ccaa903d,balanced_passive,80,100,0.5,1,0.75,0,10,10000,15000.00000000000000000000001,26875.00000000000000000000000,../runs/balanced_passive_60b2ccaa903d/scenario.yaml,../runs/balanced_passive_60b2ccaa903d/out/events.jsonl,../runs/balanced_passive_60b2ccaa903d/out/balances.csv,../runs/balanced_passive_60b2ccaa903d/out/metrics.csv,../runs/balanced_passive_60b2ccaa903d/out/metrics.html,../runs/balanced_passive_60b2ccaa903d/run.html,fail-fast,False,completed,10,0.006155904984944797591167614587,0.9938440950150552024088323854,
balanced_passive_41b69da05d4d,balanced_passive,81,100,0.5,1,1,0,10,10000,14999.99999999999999999999998,26875.00000000000000000000000,../runs/balanced_passive_41b69da05d4d/scenario.yaml,../runs/balanced_passive_41b69da05d4d/out/events.jsonl,../runs/balanced_passive_41b69da05d4d/out/balances.csv,../runs/balanced_passive_41b69da05d4d/out/metrics.csv,../runs/balanced_passive_41b69da05d4d/out/metrics.html,../runs/balanced_passive_41b69da05d4d/run.html,fail-fast,False,completed,10,0.02762172284644194756554307116,0.9723782771535580524344569288,
balanced_passive_46eebd57acc1,balanced_passive,82,100,0.5,2,0,0,10,10000,15000.00000000000000000000001,26875.00000000000000000000000,../runs/balanced_passive_46eebd57acc1/scenario.yaml,../runs/balanced_passive_46eebd57acc1/out/events.jsonl,../runs/balanced_passive_46eebd57acc1/out/balances.csv,../runs/balanced_passive_46eebd57acc1/out/metrics.csv,../runs/balanced_passive_46eebd57acc1/out/metrics.html,../runs/balanced_passive_46eebd57acc1/run.html,fail-fast,False,completed,1,0.3818473680690254832452678751,0.6181526319309745167547321249,
balanced_passive_35cd9433ad01,balanced_passive,83,100,0.5,2,0.25,0,10,10000,15000.00000000000000000000002,26875.00000000000000000000000,../runs/balanced_passive_35cd9433ad01/scenario.yaml,../runs/balanced_passive_35cd9433ad01/out/events.jsonl,../runs/balanced_passive_35cd9433ad01/out/balances.csv,../runs/balanced_passive_35cd9433ad01/out/metrics.csv,../runs/balanced_passive_35cd9433ad01/out/metrics.html,../runs/balanced_passive_35cd9433ad01/run.html,fail-fast,False,completed,9,0.08795986622073578595317725753,0.9120401337792642140468227425,
balanced_passive_fae7936607ee,balanced_passive,84,100,0.5,2,0.5,0,10,10000,15000.00000000000000000000000,26875.00000000000000000000000,../runs/balanced_passive_fae7936607ee/scenario.yaml,../runs/balanced_passive_fae7936607ee/out/events.jsonl,../runs/balanced_passive_fae7936607ee/out/balances.csv,../runs/balanced_passive_fae7936607ee/out/metrics.csv,../runs/balanced_passive_fae7936607ee/out/metrics.html,../runs/balanced_passive_fae7936607ee/run.html,fail-fast,False,completed,9,0.05618729096989966555183946487,0.9438127090301003344481605351,
balanced_passive_1dd6c3568e46,balanced_passive,85,100,0.5,2,0.75,0,10,10000,14999.99999999999999999999998,26875.00000000000000000000000,../runs/balanced_passive_1dd6c3568e46/scenario.yaml,../runs/balanced_passive_1dd6c3568e46/out/events.jsonl,../runs/balanced_passive_1dd6c3568e46/out/balances.csv,../runs/balanced_passive_1dd6c3568e46/out/metrics.csv,../runs/balanced_passive_1dd6c3568e46/out/metrics.html,../runs/balanced_passive_1dd6c3568e46/run.html,fail-fast,False,completed,10,0.07706716617607706716617607707,0.9229328338239229328338239229,
balanced_passive_7951351b7e0e,balanced_passive,86,100,0.5,2,1,0,10,10000,15000.00000000000000000000000,26875.00000000000000000000000,../runs/balanced_passive_7951351b7e0e/scenario.yaml,../runs/balanced_passive_7951351b7e0e/out/events.jsonl,../runs/balanced_passive_7951351b7e0e/out/balances.csv,../runs/balanced_passive_7951351b7e0e/out/metrics.csv,../runs/balanced_passive_7951351b7e0e/out/metrics.html,../runs/balanced_passive_7951351b7e0e/run.html,fail-fast,False,completed,10,0,1,
balanced_passive_dc816d6b34a5,balanced_passive,87,100,0.5,5,0,0,10,10000,15000.00000000000000000000002,26875.00000000000000000000000,../runs/balanced_passive_dc816d6b34a5/scenario.yaml,../runs/balanced_passive_dc816d6b34a5/out/events.jsonl,../runs/balanced_passive_dc816d6b34a5/out/balances.csv,../runs/balanced_passive_dc816d6b34a5/out/metrics.csv,../runs/balanced_passive_dc816d6b34a5/out/metrics.html,../runs/balanced_passive_dc816d6b34a5/run.html,fail-fast,False,completed,1,1,0,
balanced_passive_02fe62109321,balanced_passive,88,100,0.5,5,0.25,0,10,10000,15000.00000000000000000000000,26875.00000000000000000000000,../runs/balanced_passive_02fe62109321/scenario.yaml,../runs/balanced_passive_02fe62109321/out/events.jsonl,../runs/balanced_passive_02fe62109321/out/balances.csv,../runs/balanced_passive_02fe62109321/out/metrics.csv,../runs/balanced_passive_02fe62109321/out/metrics.html,../runs/balanced_passive_02fe62109321/run.html,fail-fast,False,completed,9,0,1,
balanced_passive_86632c781ad7,balanced_passive,89,100,0.5,5,0.5,0,10,10000,15000.00000000000000000000004,26875.00000000000000000000000,../runs/balanced_passive_86632c781ad7/scenario.yaml,../runs/balanced_passive_86632c781ad7/out/events.jsonl,../runs/balanced_passive_86632c781ad7/out/balances.csv,../runs/balanced_passive_86632c781ad7/out/metrics.csv,../runs/balanced_passive_86632c781ad7/out/metrics.html,../runs/balanced_passive_86632c781ad7/run.html,fail-fast,False,completed,9,0.2582285255552582285255552582,0.7417714744447417714744447418,
balanced_passive_befe5060484f,balanced_passive,90,100,0.5,5,0.75,0,10,10000,14999.99999999999999999999999,26875.00000000000000000000000,../runs/balanced_passive_befe5060484f/scenario.yaml,../runs/balanced_passive_befe5060484f/out/events.jsonl,../runs/balanced_passive_befe5060484f/out/balances.csv,../runs/balanced_passive_befe5060484f/out/metrics.csv,../runs/balanced_passive_befe5060484f/out/metrics.html,../runs/balanced_passive_befe5060484f/run.html,fail-fast,False,completed,10,0.2939523682097939523682097940,0.7060476317902060476317902060,
balanced_passive_916eafbb0b9a,balanced_passive,91,100,0.5,5,1,0,10,10000,14999.99999999999999999999998,26875.00000000000000000000000,../runs/balanced_passive_916eafbb0b9a/scenario.yaml,../runs/balanced_passive_916eafbb0b9a/out/events.jsonl,../runs/balanced_passive_916eafbb0b9a/out/balances.csv,../runs/balanced_passive_916eafbb0b9a/out/metrics.csv,../runs/balanced_passive_916eafbb0b9a/out/metrics.html,../runs/balanced_passive_916eafbb0b9a/run.html,fail-fast,False,completed,10,0.7769230769230769230769230769,0.2230769230769230769230769231,
balanced_passive_8de078e6b69d,balanced_passive,92,100,1,0.2,0,0,10,10000,15000.06330383712832552658023,14375.00000000000000000000000,../runs/balanced_passive_8de078e6b69d/scenario.yaml,../runs/balanced_passive_8de078e6b69d/out/events.jsonl,../runs/balanced_passive_8de078e6b69d/out/balances.csv,../runs/balanced_passive_8de078e6b69d/out/metrics.csv,../runs/balanced_passive_8de078e6b69d/out/metrics.html,../runs/balanced_passive_8de078e6b69d/run.html,fail-fast,False,completed,1,0.02942159812771648278167836844,0.9705784018722835172183216316,
balanced_passive_a7178cbef97e,balanced_passive,93,100,1,0.2,0.25,0,10,10000,15000.00000000000000000000000,14375.00000000000000000000000,../runs/balanced_passive_a7178cbef97e/scenario.yaml,../runs/balanced_passive_a7178cbef97e/out/events.jsonl,../runs/balanced_passive_a7178cbef97e/out/balances.csv,../runs/balanced_passive_a7178cbef97e/out/metrics.csv,../runs/balanced_passive_a7178cbef97e/out/metrics.html,../runs/balanced_passive_a7178cbef97e/run.html,fail-fast,False,completed,9,0,1,
balanced_passive_b933dab8a407,balanced_passive,94,100,1,0.2,0.5,0,10,10000,15000.13650747198877861486550,14375.00000000000000000000000,../runs/balanced_passive_b933dab8a407/scenario.yaml,../runs/balanced_passive_b933dab8a407/out/events.jsonl,../runs/balanced_passive_b933dab8a407/out/balances.csv,../runs/balanced_passive_b933dab8a407/out/metrics.csv,../runs/balanced_passive_b933dab8a407/out/metrics.html,../runs/balanced_passive_b933dab8a407/run.html,fail-fast,False,completed,9,0.01229864313882761847470088898,0.9877013568611723815252991110,
balanced_passive_e9fc74d82a28,balanced_passive,95,100,1,0.2,0.75,0,10,10000,15000.00000000000000000000000,14375.00000000000000000000000,../runs/balanced_passive_e9fc74d82a28/scenario.yaml,../runs/balanced_passive_e9fc74d82a28/out/events.jsonl,../runs/balanced_passive_e9fc74d82a28/out/balances.csv,../runs/balanced_passive_e9fc74d82a28/out/metrics.csv,../runs/balanced_passive_e9fc74d82a28/out/metrics.html,../runs/balanced_passive_e9fc74d82a28/run.html,fail-fast,False,completed,10,0,1,
balanced_passive_a85516e9a902,balanced_passive,96,100,1,0.2,1,0,10,10000,15000.03820224300142866983672,14375.00000000000000000000000,../runs/balanced_passive_a85516e9a902/scenario.yaml,../runs/balanced_passive_a85516e9a902/out/events.jsonl,../runs/balanced_passive_a85516e9a902/out/balances.csv,../runs/balanced_passive_a85516e9a902/out/metrics.csv,../runs/balanced_passive_a85516e9a902/out/metrics.html,../runs/balanced_passive_a85516e9a902/run.html,fail-fast,False,completed,10,0.0004680082904325733770141071070,0.9995319917095674266229858929,
balanced_passive_2ddfabd1972b,balanced_passive,97,100,1,0.5,0,0,10,10000,14999.99999999999999999999997,14375.00000000000000000000000,../runs/balanced_passive_2ddfabd1972b/scenario.yaml,../runs/balanced_passive_2ddfabd1972b/out/events.jsonl,../runs/balanced_passive_2ddfabd1972b/out/balances.csv,../runs/balanced_passive_2ddfabd1972b/out/metrics.csv,../runs/balanced_passive_2ddfabd1972b/out/metrics.html,../runs/balanced_passive_2ddfabd1972b/run.html,fail-fast,False,completed,1,0.008228525555258228525555258229,0.9917714744447417714744447418,
balanced_passive_e73b8140026c,balanced_passive,98,100,1,0.5,0.25,0,10,10000,15000.00000000000000000000000,14375.00000000000000000000000,../runs/balanced_passive_e73b8140026c/scenario.yaml,../runs/balanced_passive_e73b8140026c/out/events.jsonl,../runs/balanced_passive_e73b8140026c/out/balances.csv,../runs/balanced_passive_e73b8140026c/out/metrics.csv,../runs/balanced_passive_e73b8140026c/out/metrics.html,../runs/balanced_passive_e73b8140026c/run.html,fail-fast,False,completed,9,0.004014720642355302776848444295,0.9959852793576446972231515557,
balanced_passive_400bf5f34182,balanced_passive,99,100,1,0.5,0.5,0,10,10000,15000.00000000000000000000000,14375.00000000000000000000000,../runs/balanced_passive_400bf5f34182/scenario.yaml,../runs/balanced_passive_400bf5f34182/out/events.jsonl,../runs/balanced_passive_400bf5f34182/out/balances.csv,../runs/balanced_passive_400bf5f34182/out/metrics.csv,../runs/balanced_passive_400bf5f34182/out/metrics.html,../runs/balanced_passive_400bf5f34182/run.html,fail-fast,False,completed,9,0.0008697397471064427644343346491,0.9991302602528935572355656654,
balanced_passive_13414ea47afa,balanced_passive,100,100,1,0.5,0.75,0,10,10000,14999.99999999999999999999998,14375.00000000000000000000000,../runs/balanced_passive_13414ea47afa/scenario.yaml,../runs/balanced_passive_13414ea47afa/out/events.jsonl,../runs/balanced_passive_13414ea47afa/out/balances.csv,../runs/balanced_passive_13414ea47afa/out/metrics.csv,../runs/balanced_passive_13414ea47afa/out/metrics.html,../runs/balanced_passive_13414ea47afa/run.html,fail-fast,False,completed,10,0,1,
balanced_passive_3fea68a02144,balanced_passive,101,100,1,0.5,1,0,10,10000,15000.00000000000000000000002,14375.00000000000000000000000,../runs/balanced_passive_3fea68a02144/scenario.yaml,../runs/balanced_passive_3fea68a02144/out/events.jsonl,../runs/balanced_passive_3fea68a02144/out/balances.csv,../runs/balanced_passive_3fea68a02144/out/metrics.csv,../runs/balanced_passive_3fea68a02144/out/metrics.html,../runs/balanced_passive_3fea68a02144/run.html,fail-fast,False,completed,10,0.005684858212948100588550026752,0.9943151417870518994114499732,
balanced_passive_140c074a2a6a,balanced_passive,102,100,1,1,0,0,10,10000,14999.99999999999999999999998,14375.00000000000000000000000,../runs/balanced_passive_140c074a2a6a/scenario.yaml,../runs/balanced_passive_140c074a2a6a/out/events.jsonl,../runs/balanced_passive_140c074a2a6a/out/balances.csv,../runs/balanced_passive_140c074a2a6a/out/metrics.csv,../runs/balanced_passive_140c074a2a6a/out/metrics.html,../runs/balanced_passive_140c074a2a6a/run.html,fail-fast,False,completed,1,0.01184184117214156686960594099,0.9881581588278584331303940590,
balanced_passive_b4785d0baa0e,balanced_passive,103,100,1,1,0.25,0,10,10000,15000.00000000000000000000001,14375.00000000000000000000000,../runs/balanced_passive_b4785d0baa0e/scenario.yaml,../runs/balanced_passive_b4785d0baa0e/out/events.jsonl,../runs/balanced_passive_b4785d0baa0e/out/balances.csv,../runs/balanced_passive_b4785d0baa0e/out/metrics.csv,../runs/balanced_passive_b4785d0baa0e/out/metrics.html,../runs/balanced_passive_b4785d0baa0e/run.html,fail-fast,False,completed,9,0.02621547515548719320537684746,0.9737845248445128067946231525,
balanced_passive_0600293fd545,balanced_passive,104,100,1,1,0.5,0,10,10000,14999.99999999999999999999999,14375.00000000000000000000000,../runs/balanced_passive_0600293fd545/scenario.yaml,../runs/balanced_passive_0600293fd545/out/events.jsonl,../runs/balanced_passive_0600293fd545/out/balances.csv,../runs/balanced_passive_0600293fd545/out/metrics.csv,../runs/balanced_passive_0600293fd545/out/metrics.html,../runs/balanced_passive_0600293fd545/run.html,fail-fast,False,completed,9,0,1,
balanced_passive_3b6af00bfbdf,balanced_passive,105,100,1,1,0.75,0,10,10000,14999.99999999999999999999999,14375.00000000000000000000000,../runs/balanced_passive_3b6af00bfbdf/scenario.yaml,../runs/balanced_passive_3b6af00bfbdf/out/events.jsonl,../runs/balanced_passive_3b6af00bfbdf/out/balances.csv,../runs/balanced_passive_3b6af00bfbdf/out/metrics.csv,../runs/balanced_passive_3b6af00bfbdf/out/metrics.html,../runs/balanced_passive_3b6af00bfbdf/run.html,fail-fast,False,completed,10,0.01625309343856598220854792322,0.9837469065614340177914520768,
balanced_passive_417c6b28143d,balanced_passive,106,100,1,1,1,0,10,10000,15000.00000000000000000000000,14375.00000000000000000000000,../runs/balanced_passive_417c6b28143d/scenario.yaml,../runs/balanced_passive_417c6b28143d/out/events.jsonl,../runs/balanced_passive_417c6b28143d/out/balances.csv,../runs/balanced_passive_417c6b28143d/out/metrics.csv,../runs/balanced_passive_417c6b28143d/out/metrics.html,../runs/balanced_passive_417c6b28143d/run.html,fail-fast,False,completed,10,0,1,
balanced_passive_9567b065b83f,balanced_passive,107,100,1,2,0,0,10,10000,14999.99999999999999999999999,14375.00000000000000000000000,../runs/balanced_passive_9567b065b83f/scenario.yaml,../runs/balanced_passive_9567b065b83f/out/events.jsonl,../runs/balanced_passive_9567b065b83f/out/balances.csv,../runs/balanced_passive_9567b065b83f/out/metrics.csv,../runs/balanced_passive_9567b065b83f/out/metrics.html,../runs/balanced_passive_9567b065b83f/run.html,fail-fast,False,completed,1,0.01384059909066595346349291254,0.9861594009093340465365070875,
balanced_passive_07074ec93ad6,balanced_passive,108,100,1,2,0.25,0,10,10000,15000.00000000000000000000001,14375.00000000000000000000000,../runs/balanced_passive_07074ec93ad6/scenario.yaml,../runs/balanced_passive_07074ec93ad6/out/events.jsonl,../runs/balanced_passive_07074ec93ad6/out/balances.csv,../runs/balanced_passive_07074ec93ad6/out/metrics.csv,../runs/balanced_passive_07074ec93ad6/out/metrics.html,../runs/balanced_passive_07074ec93ad6/run.html,fail-fast,False,completed,9,0.007423259546579281749481709356,0.9925767404534207182505182906,
balanced_passive_39d8b644d37d,balanced_passive,109,100,1,2,0.5,0,10,10000,14999.99999999999999999999998,14375.00000000000000000000000,../runs/balanced_passive_39d8b644d37d/scenario.yaml,../runs/balanced_passive_39d8b644d37d/out/events.jsonl,../runs/balanced_passive_39d8b644d37d/out/balances.csv,../runs/balanced_passive_39d8b644d37d/out/metrics.csv,../runs/balanced_passive_39d8b644d37d/out/metrics.html,../runs/balanced_passive_39d8b644d37d/run.html,fail-fast,False,completed,9,0,1,
balanced_passive_8e7356f1e7dc,balanced_passive,110,100,1,2,0.75,0,10,10000,15000.00000000000000000000001,14375.00000000000000000000000,../runs/balanced_passive_8e7356f1e7dc/scenario.yaml,../runs/balanced_passive_8e7356f1e7dc/out/events.jsonl,../runs/balanced_passive_8e7356f1e7dc/out/balances.csv,../runs/balanced_passive_8e7356f1e7dc/out/metrics.csv,../runs/balanced_passive_8e7356f1e7dc/out/metrics.html,../runs/balanced_passive_8e7356f1e7dc/run.html,fail-fast,False,completed,10,0,1,
balanced_passive_8f57011cb41f,balanced_passive,111,100,1,2,1,0,10,10000,15000.00000000000000000000000,14375.00000000000000000000000,../runs/balanced_passive_8f57011cb41f/scenario.yaml,../runs/balanced_passive_8f57011cb41f/out/events.jsonl,../runs/balanced_passive_8f57011cb41f/out/balances.csv,../runs/balanced_passive_8f57011cb41f/out/metrics.csv,../runs/balanced_passive_8f57011cb41f/out/metrics.html,../runs/balanced_passive_8f57011cb41f/run.html,fail-fast,False,completed,10,0.007624398073836276083467094703,0.9923756019261637239165329053,
balanced_passive_fe667ddb4b1a,balanced_passive,112,100,1,5,0,0,10,10000,15000.00000000000000000000001,14375.00000000000000000000000,../runs/balanced_passive_fe667ddb4b1a/scenario.yaml,../runs/balanced_passive_fe667ddb4b1a/out/events.jsonl,../runs/balanced_passive_fe667ddb4b1a/out/balances.csv,../runs/balanced_passive_fe667ddb4b1a/out/metrics.csv,../runs/balanced_passive_fe667ddb4b1a/out/metrics.html,../runs/balanced_passive_fe667ddb4b1a/run.html,fail-fast,False,completed,1,0.08536830133137084364755469325,0.9146316986686291563524453068,
balanced_passive_c34011e54007,balanced_passive,113,100,1,5,0.25,0,10,10000,15000.00000000000000000000000,14375.00000000000000000000000,../runs/balanced_passive_c34011e54007/scenario.yaml,../runs/balanced_passive_c34011e54007/out/events.jsonl,../runs/balanced_passive_c34011e54007/out/balances.csv,../runs/balanced_passive_c34011e54007/out/metrics.csv,../runs/balanced_passive_c34011e54007/out/metrics.html,../runs/balanced_passive_c34011e54007/run.html,fail-fast,False,completed,9,0,1,
balanced_passive_d321a6978470,balanced_passive,114,100,1,5,0.5,0,10,10000,15000.00000000000000000000001,14375.00000000000000000000000,../runs/balanced_passive_d321a6978470/scenario.yaml,../runs/balanced_passive_d321a6978470/out/events.jsonl,../runs/balanced_passive_d321a6978470/out/balances.csv,../runs/balanced_passive_d321a6978470/out/metrics.csv,../runs/balanced_passive_d321a6978470/out/metrics.html,../runs/balanced_passive_d321a6978470/run.html,fail-fast,False,completed,9,0,1,
balanced_passive_f2ffffd6897e,balanced_passive,115,100,1,5,0.75,0,10,10000,14999.99999999999999999999999,14375.00000000000000000000000,../runs/balanced_passive_f2ffffd6897e/scenario.yaml,../runs/balanced_passive_f2ffffd6897e/out/events.jsonl,../runs/balanced_passive_f2ffffd6897e/out/balances.csv,../runs/balanced_passive_f2ffffd6897e/out/metrics.csv,../runs/balanced_passive_f2ffffd6897e/out/metrics.html,../runs/balanced_passive_f2ffffd6897e/run.html,fail-fast,False,completed,10,0,1,
balanced_passive_1e840b0c5c72,balanced_passive,116,100,1,5,1,0,10,10000,15000.00000000000000000000000,14375.00000000000000000000000,../runs/balanced_passive_1e840b0c5c72/scenario.yaml,../runs/balanced_passive_1e840b0c5c72/out/events.jsonl,../runs/balanced_passive_1e840b0c5c72/out/balances.csv,../runs/balanced_passive_1e840b0c5c72/out/metrics.csv,../runs/balanced_passive_1e840b0c5c72/out/metrics.html,../runs/balanced_passive_1e840b0c5c72/run.html,fail-fast,False,completed,10,0,1,
balanced_passive_03fe53aa22e2,balanced_passive,117,100,2,0.2,0,0,10,10000,15000.19838765556716182772725,8125.000000000000000000000000,../runs/balanced_passive_03fe53aa22e2/scenario.yaml,../runs/balanced_passive_03fe53aa22e2/out/events.jsonl,../runs/balanced_passive_03fe53aa22e2/out/balances.csv,../runs/balanced_passive_03fe53aa22e2/out/metrics.csv,../runs/balanced_passive_03fe53aa22e2/out/metrics.html,../runs/balanced_passive_03fe53aa22e2/run.html,fail-fast,False,completed,1,0.004276931301790964982624966586,0.9957230686982090350173750334,
balanced_passive_647f09f283c1,balanced_passive,118,100,2,0.2,0.25,0,10,10000,15000.00000000000000000000001,8125.000000000000000000000000,../runs/balanced_passive_647f09f283c1/scenario.yaml,../runs/balanced_passive_647f09f283c1/out/events.jsonl,../runs/balanced_passive_647f09f283c1/out/balances.csv,../runs/balanced_passive_647f09f283c1/out/metrics.csv,../runs/balanced_passive_647f09f283c1/out/metrics.html,../runs/balanced_passive_647f09f283c1/run.html,fail-fast,False,completed,9,0,1,
balanced_passive_3364ba956ccf,balanced_passive,119,100,2,0.2,0.5,0,10,10000,15000.00000000000000000000001,8125.000000000000000000000000,../runs/balanced_passive_3364ba956ccf/scenario.yaml,../runs/balanced_passive_3364ba956ccf/out/events.jsonl,../runs/balanced_passive_3364ba956ccf/out/balances.csv,../runs/balanced_passive_3364ba956ccf/out/metrics.csv,../runs/balanced_passive_3364ba956ccf/out/metrics.html,../runs/balanced_passive_3364ba956ccf/run.html,fail-fast,False,completed,9,0,1,
balanced_passive_9206682f715f,balanced_passive,120,100,2,0.2,0.75,0,10,10000,15000.00000000000000000000002,8125.000000000000000000000000,../runs/balanced_passive_9206682f715f/scenario.yaml,../runs/balanced_passive_9206682f715f/out/events.jsonl,../runs/balanced_passive_9206682f715f/out/balances.csv,../runs/balanced_passive_9206682f715f/out/metrics.csv,../runs/balanced_passive_9206682f715f/out/metrics.html,../runs/balanced_passive_9206682f715f/run.html,fail-fast,False,completed,10,0,1,
balanced_passive_eec791239d46,balanced_passive,121,100,2,0.2,1,0,10,10000,15000.00000000000000000000000,8125.000000000000000000000000,../runs/balanced_passive_eec791239d46/scenario.yaml,../runs/balanced_passive_eec791239d46/out/events.jsonl,../runs/balanced_passive_eec791239d46/out/balances.csv,../runs/balanced_passive_eec791239d46/out/metrics.csv,../runs/balanced_passive_eec791239d46/out/metrics.html,../runs/balanced_passive_eec791239d46/run.html,fail-fast,False,completed,10,0.0004677581022385566321416638823,0.9995322418977614433678583361,
balanced_passive_8e2a221d1a2f,balanced_passive,122,100,2,0.5,0,0,10,10000,15000.00000000000000000000002,8125.000000000000000000000000,../runs/balanced_passive_8e2a221d1a2f/scenario.yaml,../runs/balanced_passive_8e2a221d1a2f/out/events.jsonl,../runs/balanced_passive_8e2a221d1a2f/out/balances.csv,../runs/balanced_passive_8e2a221d1a2f/out/metrics.csv,../runs/balanced_passive_8e2a221d1a2f/out/metrics.html,../runs/balanced_passive_8e2a221d1a2f/run.html,fail-fast,False,completed,1,0,1,
balanced_passive_a879c13e9e0f,balanced_passive,123,100,2,0.5,0.25,0,10,10000,14999.99999999999999999999999,8125.000000000000000000000000,../runs/balanced_passive_a879c13e9e0f/scenario.yaml,../runs/balanced_passive_a879c13e9e0f/out/events.jsonl,../runs/balanced_passive_a879c13e9e0f/out/balances.csv,../runs/balanced_passive_a879c13e9e0f/out/metrics.csv,../runs/balanced_passive_a879c13e9e0f/out/metrics.html,../runs/balanced_passive_a879c13e9e0f/run.html,fail-fast,False,completed,9,0.01350989834135901551631888711,0.9864901016586409844836811129,
balanced_passive_a863441c80a0,balanced_passive,124,100,2,0.5,0.5,0,10,10000,15000.00000000000000000000000,8125.000000000000000000000000,../runs/balanced_passive_a863441c80a0/scenario.yaml,../runs/balanced_passive_a863441c80a0/out/events.jsonl,../runs/balanced_passive_a863441c80a0/out/balances.csv,../runs/balanced_passive_a863441c80a0/out/metrics.csv,../runs/balanced_passive_a863441c80a0/out/metrics.html,../runs/balanced_passive_a863441c80a0/run.html,fail-fast,False,completed,9,0,1,
balanced_passive_87437839f29f,balanced_passive,125,100,2,0.5,0.75,0,10,10000,15000.00000000000000000000000,8125.000000000000000000000000,../runs/balanced_passive_87437839f29f/scenario.yaml,../runs/balanced_passive_87437839f29f/out/events.jsonl,../runs/balanced_passive_87437839f29f/out/balances.csv,../runs/balanced_passive_87437839f29f/out/metrics.csv,../runs/balanced_passive_87437839f29f/out/metrics.html,../runs/balanced_passive_87437839f29f/run.html,fail-fast,False,completed,10,0,1,
balanced_passive_02bd946c5ec9,balanced_passive,126,100,2,0.5,1,0,10,10000,15000.00000000000000000000003,8125.000000000000000000000000,../runs/balanced_passive_02bd946c5ec9/scenario.yaml,../runs/balanced_passive_02bd946c5ec9/out/events.jsonl,../runs/balanced_passive_02bd946c5ec9/out/balances.csv,../runs/balanced_passive_02bd946c5ec9/out/metrics.csv,../runs/balanced_passive_02bd946c5ec9/out/metrics.html,../runs/balanced_passive_02bd946c5ec9/run.html,fail-fast,False,completed,10,0,1,
balanced_passive_d177152b455e,balanced_passive,127,100,2,1,0,0,10,10000,15000.00000000000000000000000,8125.000000000000000000000000,../runs/balanced_passive_d177152b455e/scenario.yaml,../runs/balanced_passive_d177152b455e/out/events.jsonl,../runs/balanced_passive_d177152b455e/out/balances.csv,../runs/balanced_passive_d177152b455e/out/metrics.csv,../runs/balanced_passive_d177152b455e/out/metrics.html,../runs/balanced_passive_d177152b455e/run.html,fail-fast,False,completed,1,0.0003344705331460298347715566259,0.9996655294668539701652284434,
balanced_passive_377f175ef15d,balanced_passive,128,100,2,1,0.25,0,10,10000,15000.00000000000000000000000,8125.000000000000000000000000,../runs/balanced_passive_377f175ef15d/scenario.yaml,../runs/balanced_passive_377f175ef15d/out/events.jsonl,../runs/balanced_passive_377f175ef15d/out/balances.csv,../runs/balanced_passive_377f175ef15d/out/metrics.csv,../runs/balanced_passive_377f175ef15d/out/metrics.html,../runs/balanced_passive_377f175ef15d/run.html,fail-fast,False,completed,9,0.002273639160090945566403637823,0.9977263608399090544335963622,
balanced_passive_050c6a7ae2a1,balanced_passive,129,100,2,1,0.5,0,10,10000,14999.99999999999999999999999,8125.000000000000000000000000,../runs/balanced_passive_050c6a7ae2a1/scenario.yaml,../runs/balanced_passive_050c6a7ae2a1/out/events.jsonl,../runs/balanced_passive_050c6a7ae2a1/out/balances.csv,../runs/balanced_passive_050c6a7ae2a1/out/metrics.csv,../runs/balanced_passive_050c6a7ae2a1/out/metrics.html,../runs/balanced_passive_050c6a7ae2a1/run.html,fail-fast,False,completed,9,0,1,
balanced_passive_65213f4179df,balanced_passive,130,100,2,1,0.75,0,10,10000,15000.00000000000000000000003,8125.000000000000000000000000,../runs/balanced_passive_65213f4179df/scenario.yaml,../runs/balanced_passive_65213f4179df/out/events.jsonl,../runs/balanced_passive_65213f4179df/out/balances.csv,../runs/balanced_passive_65213f4179df/out/metrics.csv,../runs/balanced_passive_65213f4179df/out/metrics.html,../runs/balanced_passive_65213f4179df/run.html,fail-fast,False,completed,10,0.003211131924003211131924003211,0.9967888680759967888680759968,
balanced_passive_ce01a8457932,balanced_passive,131,100,2,1,1,0,10,10000,14999.99999999999999999999998,8125.000000000000000000000000,../runs/balanced_passive_ce01a8457932/scenario.yaml,../runs/balanced_passive_ce01a8457932/out/events.jsonl,../runs/balanced_passive_ce01a8457932/out/balances.csv,../runs/balanced_passive_ce01a8457932/out/metrics.csv,../runs/balanced_passive_ce01a8457932/out/metrics.html,../runs/balanced_passive_ce01a8457932/run.html,fail-fast,False,completed,10,0,1,
balanced_passive_f0f1ebd4ccd1,balanced_passive,132,100,2,2,0,0,10,10000,15000.00000000000000000000001,8125.000000000000000000000000,../runs/balanced_passive_f0f1ebd4ccd1/scenario.yaml,../runs/balanced_passive_f0f1ebd4ccd1/out/events.jsonl,../runs/balanced_passive_f0f1ebd4ccd1/out/balances.csv,../runs/balanced_passive_f0f1ebd4ccd1/out/metrics.csv,../runs/balanced_passive_f0f1ebd4ccd1/out/metrics.html,../runs/balanced_passive_f0f1ebd4ccd1/run.html,fail-fast,False,completed,1,0,1,
balanced_passive_0daf73488ea2,balanced_passive,133,100,2,2,0.25,0,10,10000,15000.00000000000000000000001,8125.000000000000000000000000,../runs/balanced_passive_0daf73488ea2/scenario.yaml,../runs/balanced_passive_0daf73488ea2/out/events.jsonl,../runs/balanced_passive_0daf73488ea2/out/balances.csv,../runs/balanced_passive_0daf73488ea2/out/metrics.csv,../runs/balanced_passive_0daf73488ea2/out/metrics.html,../runs/balanced_passive_0daf73488ea2/run.html,fail-fast,False,completed,9,0,1,
balanced_passive_6a6fa7c7fc13,balanced_passive,134,100,2,2,0.5,0,10,10000,15000.00000000000000000000000,8125.000000000000000000000000,../runs/balanced_passive_6a6fa7c7fc13/scenario.yaml,../runs/balanced_passive_6a6fa7c7fc13/out/events.jsonl,../runs/balanced_passive_6a6fa7c7fc13/out/balances.csv,../runs/balanced_passive_6a6fa7c7fc13/out/metrics.csv,../runs/balanced_passive_6a6fa7c7fc13/out/metrics.html,../runs/balanced_passive_6a6fa7c7fc13/run.html,fail-fast,False,completed,9,0,1,
balanced_passive_80cf28162f58,balanced_passive,135,100,2,2,0.75,0,10,10000,15000.00000000000000000000001,8125.000000000000000000000000,../runs/balanced_passive_80cf28162f58/scenario.yaml,../runs/balanced_passive_80cf28162f58/out/events.jsonl,../runs/balanced_passive_80cf28162f58/out/balances.csv,../runs/balanced_passive_80cf28162f58/out/metrics.csv,../runs/balanced_passive_80cf28162f58/out/metrics.html,../runs/balanced_passive_80cf28162f58/run.html,fail-fast,False,completed,10,0,1,
balanced_passive_976d0121c065,balanced_passive,136,100,2,2,1,0,10,10000,15000.00000000000000000000000,8125.000000000000000000000000,../runs/balanced_passive_976d0121c065/scenario.yaml,../runs/balanced_passive_976d0121c065/out/events.jsonl,../runs/balanced_passive_976d0121c065/out/balances.csv,../runs/balanced_passive_976d0121c065/out/metrics.csv,../runs/balanced_passive_976d0121c065/out/metrics.html,../runs/balanced_passive_976d0121c065/run.html,fail-fast,False,completed,10,0,1,
balanced_passive_076eeaa04769,balanced_passive,137,100,2,5,0,0,10,10000,15000.00000000000000000000000,8125.000000000000000000000000,../runs/balanced_passive_076eeaa04769/scenario.yaml,../runs/balanced_passive_076eeaa04769/out/events.jsonl,../runs/balanced_passive_076eeaa04769/out/balances.csv,../runs/balanced_passive_076eeaa04769/out/metrics.csv,../runs/balanced_passive_076eeaa04769/out/metrics.html,../runs/balanced_passive_076eeaa04769/run.html,fail-fast,False,completed,1,0.01063687449826063687449826064,0.9893631255017393631255017394,
balanced_passive_cd3860e5e79c,balanced_passive,138,100,2,5,0.25,0,10,10000,15000.00000000000000000000002,8125.000000000000000000000000,../runs/balanced_passive_cd3860e5e79c/scenario.yaml,../runs/balanced_passive_cd3860e5e79c/out/events.jsonl,../runs/balanced_passive_cd3860e5e79c/out/balances.csv,../runs/balanced_passive_cd3860e5e79c/out/metrics.csv,../runs/balanced_passive_cd3860e5e79c/out/metrics.html,../runs/balanced_passive_cd3860e5e79c/run.html,fail-fast,False,completed,9,0,1,
balanced_passive_eda3d02efa67,balanced_passive,139,100,2,5,0.5,0,10,10000,15000.00000000000000000000000,8125.000000000000000000000000,../runs/balanced_passive_eda3d02efa67/scenario.yaml,../runs/balanced_passive_eda3d02efa67/out/events.jsonl,../runs/balanced_passive_eda3d02efa67/out/balances.csv,../runs/balanced_passive_eda3d02efa67/out/metrics.csv,../runs/balanced_passive_eda3d02efa67/out/metrics.html,../runs/balanced_passive_eda3d02efa67/run.html,fail-fast,False,completed,9,0,1,
balanced_passive_1576489ec286,balanced_passive,140,100,2,5,0.75,0,10,10000,14999.99999999999999999999999,8125.000000000000000000000000,../runs/balanced_passive_1576489ec286/scenario.yaml,../runs/balanced_passive_1576489ec286/out/events.jsonl,../runs/balanced_passive_1576489ec286/out/balances.csv,../runs/balanced_passive_1576489ec286/out/metrics.csv,../runs/balanced_passive_1576489ec286/out/metrics.html,../runs/balanced_passive_1576489ec286/run.html,fail-fast,False,completed,10,0.003142971780125718871205028755,0.9968570282198742811287949712,
balanced_passive_124ecb564714,balanced_passive,141,100,2,5,1,0,10,10000,15000.00000000000000000000000,8125.000000000000000000000000,../runs/balanced_passive_124ecb564714/scenario.yaml,../runs/balanced_passive_124ecb564714/out/events.jsonl,../runs/balanced_passive_124ecb564714/out/balances.csv,../runs/balanced_passive_124ecb564714/out/metrics.csv,../runs/balanced_passive_124ecb564714/out/metrics.html,../runs/balanced_passive_124ecb564714/run.html,fail-fast,False,completed,10,0,1,
balanced_passive_bd0784d85c25,balanced_passive,142,100,4,0.2,0,0,10,10000,15000.00000000000000000000002,5000.000000000000000000000000,../runs/balanced_passive_bd0784d85c25/scenario.yaml,../runs/balanced_passive_bd0784d85c25/out/events.jsonl,../runs/balanced_passive_bd0784d85c25/out/balances.csv,../runs/balanced_passive_bd0784d85c25/out/metrics.csv,../runs/balanced_passive_bd0784d85c25/out/metrics.html,../runs/balanced_passive_bd0784d85c25/run.html,fail-fast,False,completed,1,0,1,
balanced_passive_cb1af9d60669,balanced_passive,143,100,4,0.2,0.25,0,10,10000,15000.00000000000000000000001,5000.000000000000000000000000,../runs/balanced_passive_cb1af9d60669/scenario.yaml,../runs/balanced_passive_cb1af9d60669/out/events.jsonl,../runs/balanced_passive_cb1af9d60669/out/balances.csv,../runs/balanced_passive_cb1af9d60669/out/metrics.csv,../runs/balanced_passive_cb1af9d60669/out/metrics.html,../runs/balanced_passive_cb1af9d60669/run.html,fail-fast,False,completed,9,0.00006684491978609625668449197861,0.9999331550802139037433155080,
balanced_passive_2b2fea552424,balanced_passive,144,100,4,0.2,0.5,0,10,10000,15000.13064308341738765842629,5000.000000000000000000000000,../runs/balanced_passive_2b2fea552424/scenario.yaml,../runs/balanced_passive_2b2fea552424/out/events.jsonl,../runs/balanced_passive_2b2fea552424/out/balances.csv,../runs/balanced_passive_2b2fea552424/out/metrics.csv,../runs/balanced_passive_2b2fea552424/out/metrics.html,../runs/balanced_passive_2b2fea552424/run.html,fail-fast,False,completed,9,0,1,
balanced_passive_c9ca469c8c93,balanced_passive,145,100,4,0.2,0.75,0,10,10000,15000.00000000000000000000000,5000.000000000000000000000000,../runs/balanced_passive_c9ca469c8c93/scenario.yaml,../runs/balanced_passive_c9ca469c8c93/out/events.jsonl,../runs/balanced_passive_c9ca469c8c93/out/balances.csv,../runs/balanced_passive_c9ca469c8c93/out/metrics.csv,../runs/balanced_passive_c9ca469c8c93/out/metrics.html,../runs/balanced_passive_c9ca469c8c93/run.html,fail-fast,False,completed,10,0.002072192513368983957219251337,0.9979278074866310160427807487,
balanced_passive_6c3a87b81618,balanced_passive,146,100,4,0.2,1,0,10,10000,14999.99999999999999999999999,5000.000000000000000000000000,../runs/balanced_passive_6c3a87b81618/scenario.yaml,../runs/balanced_passive_6c3a87b81618/out/events.jsonl,../runs/balanced_passive_6c3a87b81618/out/balances.csv,../runs/balanced_passive_6c3a87b81618/out/metrics.csv,../runs/balanced_passive_6c3a87b81618/out/metrics.html,../runs/balanced_passive_6c3a87b81618/run.html,fail-fast,False,completed,10,0,1,
balanced_passive_4befc82327aa,balanced_passive,147,100,4,0.5,0,0,10,10000,14999.99999999999999999999998,5000.000000000000000000000000,../runs/balanced_passive_4befc82327aa/scenario.yaml,../runs/balanced_passive_4befc82327aa/out/events.jsonl,../runs/balanced_passive_4befc82327aa/out/balances.csv,../runs/balanced_passive_4befc82327aa/out/metrics.csv,../runs/balanced_passive_4befc82327aa/out/metrics.html,../runs/balanced_passive_4befc82327aa/run.html,fail-fast,False,completed,1,0,1,
balanced_passive_be616cf2801b,balanced_passive,148,100,4,0.5,0.25,0,10,10000,15000.00000000000000000000000,5000.000000000000000000000000,../runs/balanced_passive_be616cf2801b/scenario.yaml,../runs/balanced_passive_be616cf2801b/out/events.jsonl,../runs/balanced_passive_be616cf2801b/out/balances.csv,../runs/balanced_passive_be616cf2801b/out/metrics.csv,../runs/balanced_passive_be616cf2801b/out/metrics.html,../runs/balanced_passive_be616cf2801b/run.html,fail-fast,False,completed,9,0,1,
balanced_passive_155ff9cf829d,balanced_passive,149,100,4,0.5,0.5,0,10,10000,15000.00000000000000000000000,5000.000000000000000000000000,../runs/balanced_passive_155ff9cf829d/scenario.yaml,../runs/balanced_passive_155ff9cf829d/out/events.jsonl,../runs/balanced_passive_155ff9cf829d/out/balances.csv,../runs/balanced_passive_155ff9cf829d/out/metrics.csv,../runs/balanced_passive_155ff9cf829d/out/metrics.html,../runs/balanced_passive_155ff9cf829d/run.html,fail-fast,False,completed,9,0.0004680708793045804078903376797,0.9995319291206954195921096623,
balanced_passive_4a5cb171c265,balanced_passive,150,100,4,0.5,0.75,0,10,10000,14999.99999999999999999999999,5000.000000000000000000000000,../runs/balanced_passive_4a5cb171c265/scenario.yaml,../runs/balanced_passive_4a5cb171c265/out/events.jsonl,../runs/balanced_passive_4a5cb171c265/out/balances.csv,../runs/balanced_passive_4a5cb171c265/out/metrics.csv,../runs/balanced_passive_4a5cb171c265/out/metrics.html,../runs/balanced_passive_4a5cb171c265/run.html,fail-fast,False,completed,10,0,1,
balanced_passive_bdabc2e91ebc,balanced_passive,151,100,4,0.5,1,0,10,10000,15000.00000000000000000000000,5000.000000000000000000000000,../runs/balanced_passive_bdabc2e91ebc/scenario.yaml,../runs/balanced_passive_bdabc2e91ebc/out/events.jsonl,../runs/balanced_passive_bdabc2e91ebc/out/balances.csv,../runs/balanced_passive_bdabc2e91ebc/out/metrics.csv,../runs/balanced_passive_bdabc2e91ebc/out/metrics.html,../runs/balanced_passive_bdabc2e91ebc/run.html,fail-fast,False,completed,10,0,1,
balanced_passive_4243d63542fe,balanced_passive,152,100,4,1,0,0,10,10000,15000.00000000000000000000001,5000.000000000000000000000000,../runs/balanced_passive_4243d63542fe/scenario.yaml,../runs/balanced_passive_4243d63542fe/out/events.jsonl,../runs/balanced_passive_4243d63542fe/out/balances.csv,../runs/balanced_passive_4243d63542fe/out/metrics.csv,../runs/balanced_passive_4243d63542fe/out/metrics.html,../runs/balanced_passive_4243d63542fe/run.html,fail-fast,False,completed,1,0,1,
balanced_passive_ee4131f40983,balanced_passive,153,100,4,1,0.25,0,10,10000,15000.00000000000000000000002,5000.000000000000000000000000,../runs/balanced_passive_ee4131f40983/scenario.yaml,../runs/balanced_passive_ee4131f40983/out/events.jsonl,../runs/balanced_passive_ee4131f40983/out/balances.csv,../runs/balanced_passive_ee4131f40983/out/metrics.csv,../runs/balanced_passive_ee4131f40983/out/metrics.html,../runs/balanced_passive_ee4131f40983/run.html,fail-fast,False,completed,9,0.0006021678040947410678442392614,0.9993978321959052589321557607,
balanced_passive_0f6d515d5114,balanced_passive,154,100,4,1,0.5,0,10,10000,15000.00000000000000000000002,5000.000000000000000000000000,../runs/balanced_passive_0f6d515d5114/scenario.yaml,../runs/balanced_passive_0f6d515d5114/out/events.jsonl,../runs/balanced_passive_0f6d515d5114/out/balances.csv,../runs/balanced_passive_0f6d515d5114/out/metrics.csv,../runs/balanced_passive_0f6d515d5114/out/metrics.html,../runs/balanced_passive_0f6d515d5114/run.html,fail-fast,False,completed,9,0,1,
balanced_passive_723d281a874e,balanced_passive,155,100,4,1,0.75,0,10,10000,15000.00000000000000000000003,5000.000000000000000000000000,../runs/balanced_passive_723d281a874e/scenario.yaml,../runs/balanced_passive_723d281a874e/out/events.jsonl,../runs/balanced_passive_723d281a874e/out/balances.csv,../runs/balanced_passive_723d281a874e/out/metrics.csv,../runs/balanced_passive_723d281a874e/out/metrics.html,../runs/balanced_passive_723d281a874e/run.html,fail-fast,False,completed,10,0,1,
balanced_passive_41dbba6cd171,balanced_passive,156,100,4,1,1,0,10,10000,15000.00000000000000000000001,5000.000000000000000000000000,../runs/balanced_passive_41dbba6cd171/scenario.yaml,../runs/balanced_passive_41dbba6cd171/out/events.jsonl,../runs/balanced_passive_41dbba6cd171/out/balances.csv,../runs/balanced_passive_41dbba6cd171/out/metrics.csv,../runs/balanced_passive_41dbba6cd171/out/metrics.html,../runs/balanced_passive_41dbba6cd171/run.html,fail-fast,False,completed,10,0,1,
balanced_passive_e42de72bc596,balanced_passive,157,100,4,2,0,0,10,10000,14999.99999999999999999999999,5000.000000000000000000000000,../runs/balanced_passive_e42de72bc596/scenario.yaml,../runs/balanced_passive_e42de72bc596/out/events.jsonl,../runs/balanced_passive_e42de72bc596/out/balances.csv,../runs/balanced_passive_e42de72bc596/out/metrics.csv,../runs/balanced_passive_e42de72bc596/out/metrics.html,../runs/balanced_passive_e42de72bc596/run.html,fail-fast,False,completed,1,0,1,
balanced_passive_15bca739bb41,balanced_passive,158,100,4,2,0.25,0,10,10000,15000.00000000000000000000000,5000.000000000000000000000000,../runs/balanced_passive_15bca739bb41/scenario.yaml,../runs/balanced_passive_15bca739bb41/out/events.jsonl,../runs/balanced_passive_15bca739bb41/out/balances.csv,../runs/balanced_passive_15bca739bb41/out/metrics.csv,../runs/balanced_passive_15bca739bb41/out/metrics.html,../runs/balanced_passive_15bca739bb41/run.html,fail-fast,False,completed,9,0,1,
balanced_passive_c0d52385d3ee,balanced_passive,159,100,4,2,0.5,0,10,10000,14999.99999999999999999999999,5000.000000000000000000000000,../runs/balanced_passive_c0d52385d3ee/scenario.yaml,../runs/balanced_passive_c0d52385d3ee/out/events.jsonl,../runs/balanced_passive_c0d52385d3ee/out/balances.csv,../runs/balanced_passive_c0d52385d3ee/out/metrics.csv,../runs/balanced_passive_c0d52385d3ee/out/metrics.html,../runs/balanced_passive_c0d52385d3ee/run.html,fail-fast,False,completed,9,0,1,
balanced_passive_7f32adfb8468,balanced_passive,160,100,4,2,0.75,0,10,10000,15000.00000000000000000000001,5000.000000000000000000000000,../runs/balanced_passive_7f32adfb8468/scenario.yaml,../runs/balanced_passive_7f32adfb8468/out/events.jsonl,../runs/balanced_passive_7f32adfb8468/out/balances.csv,../runs/balanced_passive_7f32adfb8468/out/metrics.csv,../runs/balanced_passive_7f32adfb8468/out/metrics.html,../runs/balanced_passive_7f32adfb8468/run.html,fail-fast,False,completed,10,0,1,
balanced_passive_0aea60dbccd5,balanced_passive,161,100,4,2,1,0,10,10000,14999.99999999999999999999998,5000.000000000000000000000000,../runs/balanced_passive_0aea60dbccd5/scenario.yaml,../runs/balanced_passive_0aea60dbccd5/out/events.jsonl,../runs/balanced_passive_0aea60dbccd5/out/balances.csv,../runs/balanced_passive_0aea60dbccd5/out/metrics.csv,../runs/balanced_passive_0aea60dbccd5/out/metrics.html,../runs/balanced_passive_0aea60dbccd5/run.html,fail-fast,False,completed,10,0,1,
balanced_passive_da3016346bae,balanced_passive,162,100,4,5,0,0,10,10000,15000.00000000000000000000001,5000.000000000000000000000000,../runs/balanced_passive_da3016346bae/scenario.yaml,../runs/balanced_passive_da3016346bae/out/events.jsonl,../runs/balanced_passive_da3016346bae/out/balances.csv,../runs/balanced_passive_da3016346bae/out/metrics.csv,../runs/balanced_passive_da3016346bae/out/metrics.html,../runs/balanced_passive_da3016346bae/run.html,fail-fast,False,completed,1,0,1,
balanced_passive_50ea623c4e1a,balanced_passive,163,100,4,5,0.25,0,10,10000,14999.99999999999999999999999,5000.000000000000000000000000,../runs/balanced_passive_50ea623c4e1a/scenario.yaml,../runs/balanced_passive_50ea623c4e1a/out/events.jsonl,../runs/balanced_passive_50ea623c4e1a/out/balances.csv,../runs/balanced_passive_50ea623c4e1a/out/metrics.csv,../runs/balanced_passive_50ea623c4e1a/out/metrics.html,../runs/balanced_passive_50ea623c4e1a/run.html,fail-fast,False,completed,9,0,1,
balanced_passive_6b74bd9d9a6f,balanced_passive,164,100,4,5,0.5,0,10,10000,14999.99999999999999999999999,5000.000000000000000000000000,../runs/balanced_passive_6b74bd9d9a6f/scenario.yaml,../runs/balanced_passive_6b74bd9d9a6f/out/events.jsonl,../runs/balanced_passive_6b74bd9d9a6f/out/balances.csv,../runs/balanced_passive_6b74bd9d9a6f/out/metrics.csv,../runs/balanced_passive_6b74bd9d9a6f/out/metrics.html,../runs/balanced_passive_6b74bd9d9a6f/run.html,fail-fast,False,completed,9,0,1,
balanced_passive_e8e432a7b639,balanced_passive,165,100,4,5,0.75,0,10,10000,14999.99999999999999999999999,5000.000000000000000000000000,../runs/balanced_passive_e8e432a7b639/scenario.yaml,../runs/balanced_passive_e8e432a7b639/out/events.jsonl,../runs/balanced_passive_e8e432a7b639/out/balances.csv,../runs/balanced_passive_e8e432a7b639/out/metrics.csv,../runs/balanced_passive_e8e432a7b639/out/metrics.html,../runs/balanced_passive_e8e432a7b639/run.html,fail-fast,False,completed,10,0,1,
balanced_passive_72dc19de6277,balanced_passive,166,100,4,5,1,0,10,10000,15000.00000000000000000000001,5000.000000000000000000000000,../runs/balanced_passive_72dc19de6277/scenario.yaml,../runs/balanced_passive_72dc19de6277/out/events.jsonl,../runs/balanced_passive_72dc19de6277/out/balances.csv,../runs/balanced_passive_72dc19de6277/out/metrics.csv,../runs/balanced_passive_72dc19de6277/out/metrics.html,../runs/balanced_passive_72dc19de6277/run.html,fail-fast,False,completed,10,0,1,
